article_id,url,title,existing_status,detected_status,confidence,reason,evidence,detector_version,created_at
53e2e026-eb76-49f8-9cc3-4c3b184041f5,https://www.semissourian.com/world/ice-denies-using-excessive-force-as-it-broadens-immigration-arrests-in-chicago-fd6d049f,ICE denies using excessive force as it broadens immigration arrests in...,cleaned,obituary,low,matched_obituary_signals,"{""content"": [""obituaries""]}",2025-09-26,2025-09-23T19:23:58.858506
62aea8fc-f1ca-4ca9-9650-ed6265f311ad,https://www.darnews.com/world/pennsylvania-detectives-killed-in-an-ambush-are-remembered-for-saving-lives-and-helping-others-17c4aee4,Pennsylvania detectives killed in an ambush are remembered for saving ...,cleaned,obituary,low,matched_obituary_signals,"{""content"": [""obituaries""]}",2025-09-26,2025-09-23T19:21:36.719199
e17c3cb1-6353-4ab3-ac6f-c145da28b971,https://www.douglascountyherald.com/2019/11/21/economic-freedom-in-missouri-an-opinion-piece/,Economic Freedom in Missouri – An Opinion Piece,cleaned,opinion,high,matched_opinion_signals,"{""title"": [""opinion""], ""url"": [""opinion""]}",2025-09-26,2025-09-23T19:21:06.200193
11e3f783-9479-4132-acaf-77796c5a01b6,https://dailyjournalonline.com/2025/09/19/death-notices-week-of-september-17/,Death Notices: Week of September 17,cleaned,obituary,high,matched_obituary_signals,"{""title"": [""death notice"", ""death notices""], ""url"": [""death-notice""]}",2025-09-26,2025-09-23T19:19:45.602107
9454b23a-e0a8-417c-aa64-30a571a9e313,https://www.semissourian.com/news/when-the-river-is-low-so-are-farmers-profits-291b02f3,"When river is low, so are farmers' profits",cleaned,obituary,low,matched_obituary_signals,"{""content"": [""obituaries""]}",2025-09-26,2025-09-23T19:12:26.214434
9f46d5aa-326e-4b7d-a450-edaca4abd03c,https://www.lakegazette.net/2025/08/29/obituaries/michael-john-hannan/,MICHAEL JOHN HANNAN,cleaned,obituary,medium,matched_obituary_signals,"{""url"": [""obituar""]}",2025-09-26,2025-09-23T19:11:50.124488
ceecb5d2-187a-4f73-9cc4-0fb5350ee37a,https://www.mysullivannews.com/news-sports-columns-opinions/sullivan-independent-news-launches-new-website-and-e-edition,Sullivan Independent News Launches New Website and e-Edition,cleaned,opinion,medium,matched_opinion_signals,"{""url"": [""opinion"", ""opinions"", ""column"", ""columns""]}",2025-09-26,2025-09-23T19:10:22.849172
f0d415a2-d42d-436e-aedb-912473ca0edb,https://www.douglascountyherald.com/2020/06/18/opinion-we-now-know-trumps-leadership-saved-lives/,Opinion: We Now Know – Trump’s Leadership Saved Lives,cleaned,opinion,high,matched_opinion_signals,"{""title"": [""opinion""], ""url"": [""opinion""]}",2025-09-26,2025-09-23T19:09:56.313739
0c316f7d-7e44-4f2f-89eb-f88354393918,https://www.darnews.com/world/in-battles-over-free-speech-comedians-are-often-center-stage-0a152542,"In battles over free speech, comedians are often center stage",cleaned,obituary,low,matched_obituary_signals,"{""content"": [""obituaries""]}",2025-09-26,2025-09-23T19:08:52.940615
0028d07f-fcef-4c4b-bf78-30dd3a7878e7,https://www.darnews.com/world/russia-launches-a-large-scale-attack-on-ukraine-killing-3-and-wounding-dozens-b5177726,"Russia launches a large-scale attack on Ukraine, killing 3 and woundin...",cleaned,obituary,low,matched_obituary_signals,"{""content"": [""obituaries""]}",2025-09-26,2025-09-23T17:36:29.786127
753b2cdc-6d5c-47ad-9bce-e8376827b9f9,https://www.darnews.com/posterboard-ads/donut-house-bd68271e,Donut House,cleaned,obituary,low,matched_obituary_signals,"{""content"": [""obituaries""]}",2025-09-26,2025-09-23T17:36:24.537217
74179fe9-6228-4e04-b75f-2251b6436130,https://standard-democrat.com/news/2025-summer-sports-review-9145f4ed,2025 Summer Sports Review,cleaned,obituary,low,matched_obituary_signals,"{""content"": [""obituaries""]}",2025-09-26,2025-09-23T17:36:11.174564
e876fcdd-06c1-48eb-8e6d-7c6abc5fa1f3,https://bocojo.com/opinion/continuing-the-spiritual-journey-the-gift-of-spiritual-sense/?utm_source=rss&,Continuing the Spiritual Journey — The Gift of Spiritual Sense,cleaned,opinion,medium,matched_opinion_signals,"{""url"": [""opinion""]}",2025-09-26,2025-09-23T17:32:03.779198
85c7f513-1462-4d1a-92ba-631094396186,https://www.dddnews.com/news/steamfest-to-bring-hands-on-learning-activities-to-a-state-museum-ab3866d7,"STEAMfest to Bring Hands-on Learning, Activities to A-State Museum",cleaned,obituary,low,matched_obituary_signals,"{""content"": [""obituaries""]}",2025-09-26,2025-09-23T17:19:32.014750
637688dc-4430-4cc6-8d3d-d3c32f41ba25,https://mdcp.nwaonline.com/news/2025/sep/18/opinion-30-million-secret-a-communitys-survival/,OPINION: $30 million secret: A community’s survival depends on going local,cleaned,opinion,high,matched_opinion_signals,"{""title"": [""opinion""], ""url"": [""opinion""]}",2025-09-26,2025-09-23T17:15:15.563795
73047cb2-8d97-4659-936f-03a12509c80a,https://www.douglascountyherald.com/2019/10/10/capitol-perspectives-harry-trumans-statehouse-legacy/,Capitol Perspectives: Harry Truman’s Statehouse Legacy,cleaned,opinion,medium,matched_opinion_signals,"{""url"": [""perspective""]}",2025-09-26,2025-09-23T17:07:42.618096
b74a23dc-3a98-418c-978e-46e51f773fd7,https://www.dddnews.com/opinion/were-adam-and-eve-the-first-c87e364f,Were Adam and  Eve the  first?,cleaned,obituary,low,matched_obituary_signals,"{""content"": [""obituaries""]}",2025-09-26,2025-09-23T17:07:16.943547
730a92d4-097c-442e-a696-beb451c064aa,https://www.417mag.com/food-drink/restaurants-in-springfield/best-of-417-2025-editors-picks/,Best of 417 2025 Editors' Picks,cleaned,opinion,low,matched_opinion_signals,"{""meta_description"": [""editorial""]}",2025-09-26,2025-09-23T17:03:54.367110
86c4081c-c111-4501-bdd0-d180b68b9fd7,https://www.firesideguard.com/2025/09/16/obituaries/jacqueline-simpson-forrest/,JACQUELINE SIMPSON FORREST,cleaned,obituary,medium,matched_obituary_signals,"{""url"": [""obituar""]}",2025-09-26,2025-09-23T17:00:21.171967
842d1119-a139-4850-b818-055268f960cc,https://standard-democrat.com/posterboard/usa-mattress-ae996253,USA MATTRESS,cleaned,obituary,low,matched_obituary_signals,"{""content"": [""obituaries""]}",2025-09-26,2025-09-23T16:59:12.239962
e0a486b0-1cef-45a5-b7db-9ab7637763cf,https://dosmundos.com/2025/09/13/editorial-in-honor-of-9-11/,Editorial: In honor of 9/11,cleaned,opinion,high,matched_opinion_signals,"{""title"": [""editorial""], ""url"": [""editorial""]}",2025-09-26,2025-09-23T16:58:04.747674
920e1f9a-b52f-437d-b9f8-fbc55f307101,https://bocojo.com/obituaries/louis-r-bradley-march-26-1939-aug-12-2025/?utm_source=rss&,"Louis R. Bradley, March 26, 1939 — Aug. 12, 2025 - Boone County Journal",cleaned,obituary,medium,matched_obituary_signals,"{""url"": [""obituar""]}",2025-09-26,2025-09-23T16:57:52.502082
de614305-e5fc-4ce3-8ac9-0f241409590c,"https://www.kirksvilledailyexpress.com/stories/obituary-betty-ruth-king-munn,27178",OBITUARY: Betty Ruth (King) Munn,cleaned,obituary,high,matched_obituary_signals,"{""title"": [""obituary""], ""url"": [""obituar""]}",2025-09-26,2025-09-23T16:56:37.445983
b105e37b-7cad-4773-8cd5-877f25d32c0d,https://www.krcu.org/2025-09-20/top-democrats-ask-for-a-meeting-with-trump-ahead-of-government-shutdown,Top Democrats ask for a meeting with Trump ahead of government shutdown,cleaned,opinion,low,matched_opinion_signals,"{""meta_description"": [""letter""]}",2025-09-26,2025-09-23T16:52:08.939182
787f7194-e14c-4386-8294-181b7f619980,"https://marshfieldmail.com/stories/ai-and-human-connection-in-todays-world,77381",A.I. and human connection in today’s world,cleaned,opinion,low,matched_opinion_signals,"{""meta_description"": [""opinion""]}",2025-09-26,2025-09-23T16:52:08.128847
2ab1836b-5ec9-468c-a008-b3de1b3f80b1,https://bocojo.com/opinion/school-week-four-v-five-days/?utm_source=rss&,School week: four v. five days - Boone County Journal,cleaned,opinion,medium,matched_opinion_signals,"{""url"": [""opinion""]}",2025-09-26,2025-09-23T16:51:45.505865
42fd90e0-5ae1-42ac-a36f-d513241a75ea,https://www.darnews.com/world/mexican-churches-mark-the-anniversary-of-deadly-quakes-with-remembrance-and-lessons-for-the-future-26291829,Mexican churches mark the anniversary of deadly quakes with remembranc...,cleaned,obituary,low,matched_obituary_signals,"{""content"": [""obituaries""]}",2025-09-26,2025-09-23T16:50:48.300307
8df41e2b-268a-4610-984d-464d814ff5ef,https://www.douglascountyherald.com/2019/12/12/opinion-school-board-vs-bus-drivers-its-not-really-about-the-cameras/,Opinion: School Board vs Bus Drivers – It’s Not Really About the Cameras,cleaned,opinion,high,matched_opinion_signals,"{""title"": [""opinion""], ""url"": [""opinion""]}",2025-09-26,2025-09-23T16:41:25.934173
22c84665-4078-486a-b562-501e0683de5a,https://eldoradospringsmo.com/letters-to-the-editor/the-rest-of-the-story-2/#comments,The rest of the story,cleaned,opinion,medium,matched_opinion_signals,"{""url"": [""letters"", ""letters-to-the-editor""], ""meta_description"": [""letter""]}",2025-09-26,2025-09-23T16:37:01.790447
1e6a01b1-a32d-403f-9955-c630e442d916,https://www.news-leader.com/story/opinion/2025/09/20/missouri-must-protect-direct-democracy-from-republican-attack-opinion/86211765007/,"As Republican lawmakers attack democracy, Missourians must come to its defense | Opinion",cleaned,opinion,high,matched_opinion_signals,"{""title"": [""opinion""], ""url"": [""opinion""]}",2025-09-26,2025-09-23T16:36:28.793103
22616b74-bf6f-4c1b-8fcf-d2f5c2dfa050,https://carthagenewsonline.com/opinion/columns/stock-market-insights/stock-market-insights-markets-react-as-fed-shifts-policy-investors-look-ahead/,"Stock Market Insights: Markets React as Fed Shifts Policy, Investors Look Ahead",cleaned,opinion,medium,matched_opinion_signals,"{""url"": [""opinion"", ""column"", ""columns""]}",2025-09-26,2025-09-23T16:35:11.186451
84a02b22-e960-4f49-be0e-ec0b0bb5d9c5,https://www.douglascountyherald.com/2020/02/20/opinion-eminent-domain-is-not-for-sale-in-missouri/,Opinion: Eminent Domain is Not For Sale in Missouri,cleaned,opinion,high,matched_opinion_signals,"{""title"": [""opinion""], ""url"": [""opinion""]}",2025-09-26,2025-09-23T16:34:20.850011
ed0f6dc1-b1b1-47e6-bd06-f7451cae546e,"https://buffaloreflex.com/stories/eunice-ann-meritt-obituary,76071",Eunice Ann Meritt Obituary,cleaned,obituary,high,matched_obituary_signals,"{""title"": [""obituary""], ""url"": [""obituar""]}",2025-09-26,2025-09-23T16:33:33.374425
15309ac8-61ef-4622-aa97-5f4a8a11f9c2,https://www.northcassherald.com/post/clock-is-ticking-down-on-a-heated-summer-of-campaigning,Clock is ticking down on a heated summer of campaigning,cleaned,opinion,low,matched_opinion_signals,"{""meta_description"": [""commentary""]}",2025-09-26,2025-09-23T16:32:49.650175
141f267a-1938-4aee-a6de-7fa8545be997,https://www.emissourian.com/opinion/folsom-meramec-caverns-at-last/article_17c2f1a8-d67d-40f2-be7f-8247f8ae09b5.html,Folsom: Meramec Caverns at last,cleaned,opinion,medium,matched_opinion_signals,"{""url"": [""opinion""]}",2025-09-26,2025-09-23T16:32:19.218057
28a3392c-d82b-4873-87e7-b3f0c31ef00d,https://www.pikecountynews.com/2025/09/19/opinion/fall-in-love-with-bowling-green/,Fall in love with Bowling Green,cleaned,opinion,medium,matched_opinion_signals,"{""url"": [""opinion""]}",2025-09-26,2025-09-23T16:19:58.617162
1025c04c-4b65-497a-b99c-8629d29f9088,https://www.news-leader.com/story/opinion/2025/09/20/taking-time-to-appreciate-the-natural-grace-of-the-ozarks-opinion/86211575007/,Taking time — intentionally — to appreciate the natural grace of the Ozarks | Opinion,cleaned,opinion,high,matched_opinion_signals,"{""title"": [""opinion""], ""url"": [""opinion""]}",2025-09-26,2025-09-23T16:16:07.291291
daaae4a6-68f2-4cda-a583-5475e3e2192d,https://www.semissourian.com/world/zohran-mamdanis-been-called-a-communist-wholl-defund-the-police-heres-where-he-actually-stands-59f6a66c,Zohran Mamdani's been called a communist who'll defund the police. Her...,cleaned,obituary,low,matched_obituary_signals,"{""content"": [""obituaries""]}",2025-09-26,2025-09-23T16:14:33.262481
34b1f20f-3c23-41a2-8ed8-96de90ac3768,https://eldoradospringsmo.com/letters-to-the-editor/the-rest-of-the-story-2/,The rest of the story,cleaned,opinion,medium,matched_opinion_signals,"{""url"": [""letters"", ""letters-to-the-editor""], ""meta_description"": [""letter""]}",2025-09-26,2025-09-23T16:12:47.392131
a38eb894-51c0-4c4a-8653-c3a7b7ce3909,https://www.stlpr.org/npr/2025-09-20/opinion-robert-redford-will-always-light-up-our-screens,Opinion: Robert Redford will always light up our screens,extracted,opinion,high,matched_opinion_signals,"{""title"": [""opinion""], ""url"": [""opinion""]}",2025-09-26,2025-09-23T16:12:14.945756
880089fc-dded-4e58-84c6-96d2a4149c34,https://www.bentoncountyenterprise.com/lutheran-school-association-lsa-black-knights/,Lutheran School Association (LSA) Black Knights,cleaned,obituary,low,matched_obituary_signals,"{""content"": [""obituary""]}",2025-09-26,2025-09-23T16:11:28.045484
4bb14839-24ef-45a2-b1b5-50e8a1546281,"https://www.kirksvilledailyexpress.com/stories/obituary-anita-marie-king,27072",OBITUARY: Anita Marie King,cleaned,obituary,high,matched_obituary_signals,"{""title"": [""obituary""], ""url"": [""obituar""]}",2025-09-26,2025-09-23T15:44:59.660494
6aab9108-c923-4679-884f-11c2d39a252e,https://www.semissourian.com/world/cyberattack-disrupts-check-in-systems-at-major-european-airports-29b6d890,Cyberattack disrupts check-in systems at major European airports,cleaned,obituary,low,matched_obituary_signals,"{""content"": [""obituaries""]}",2025-09-26,2025-09-23T15:34:50.267314
d8baa038-c02d-4cf6-88b6-cb50e01cdeb6,https://standard-democrat.com/posterboard/autry-morlan-a1a92a85,AUTRY MORLAN,cleaned,obituary,low,matched_obituary_signals,"{""content"": [""obituaries""]}",2025-09-26,2025-09-23T15:34:38.986140
fa11aaf5-ecc5-4b93-9ed4-1b6af7aabecb,https://eldoradospringsmo.com/letters-to-the-editor/el-dorado-springs-fire-department-there-when-you-need-them/,El Dorado Springs Fire Department – There when you need them - El Dorado Springs Sun,cleaned,opinion,medium,matched_opinion_signals,"{""url"": [""letters"", ""letters-to-the-editor""]}",2025-09-26,2025-09-23T15:34:34.318154
b46009e8-6770-44a4-9d5d-3065c70742bd,https://www.newstribune.com/news/2025/sep/20/commentary-public-employee-strikes-should-be/,COMMENTARY: Public employee strikes should be illegal,cleaned,opinion,high,matched_opinion_signals,"{""title"": [""commentary""], ""url"": [""commentary""]}",2025-09-26,2025-09-23T15:31:45.701500
956c4b61-5213-4992-a2c4-ec3909ea7194,https://www.darnews.com/news/five-community-banks-unite-as-fm-bank-trust-promising-seamless-service-and-local-focus-e676df12,"Five community banks unite as FM Bank & Trust, promising seamless serv...",cleaned,obituary,low,matched_obituary_signals,"{""content"": [""obituaries""]}",2025-09-26,2025-09-23T15:23:36.782625
093d9fa6-7a81-4312-a91b-220e5e215ca2,https://www.darnews.com/world/how-to-get-a-covid-19-shot-and-ensure-its-covered-by-your-insurance-300170f7,How to get a COVID-19 shot and ensure its covered by your insurance,cleaned,obituary,low,matched_obituary_signals,"{""content"": [""obituaries""]}",2025-09-26,2025-09-23T15:23:21.202242
15ab4caa-5e7a-47a9-a062-6777a8bc96c0,https://eldoradospringsmo.com/letters-to-the-editor/make-the-usa-better-with-your-vote/#comments,Make the USA better with your vote,cleaned,opinion,medium,matched_opinion_signals,"{""url"": [""letters"", ""letters-to-the-editor""]}",2025-09-26,2025-09-23T15:23:13.707190
81ccf5b6-84fd-4d05-89aa-9390af7c275c,https://www.darnews.com/opinion/shribman-could-our-current-leaders-pass-the-citizenship-test-d9d4a803,SHRIBMAN: Could our current leaders pass the citizenship test?,cleaned,opinion,medium,matched_opinion_signals,"{""url"": [""opinion""]}",2025-09-26,2025-09-23T15:20:13.793576
1f549d6b-7a98-40b6-b4f1-9a149bc1c129,"https://www.gasconadecountyrepublican.com/stories/volleyball-dutchgirls-turn-back-licking-cuba,180334","Volleyball Dutchgirls turn back Licking, Cuba",cleaned,opinion,low,matched_opinion_signals,"{""meta_description"": [""column""]}",2025-09-26,2025-09-23T15:20:11.024520
8a4fc305-8cff-47bc-b1a7-812dbfdc4c75,https://standard-democrat.com/news/sikeston-business-is-doing-what-it-can-to-alleviate-mental-health-issues-among-veterans-dbd2fa86,Sikeston business is doing what it can to alleviate mental health issu...,cleaned,obituary,low,matched_obituary_signals,"{""content"": [""obituaries""]}",2025-09-26,2025-09-23T15:18:42.258535
46a8bae5-6390-4c5c-995d-576b45bc7def,https://www.hannibal.net/obituaries/charlotte-e-rhoades/article_b306107b-4293-4a29-942a-fa651a9d1002.html,Charlotte E. Rhoades,cleaned,obituary,medium,matched_obituary_signals,"{""url"": [""obituar""]}",2025-09-26,2025-09-23T15:18:02.658610
ab5b546e-0df4-492e-bfa8-6d64ccffb8f5,https://www.bentoncountyenterprise.com/state-fair-community-college-sfcc-roadrunners/,State Fair Community College (SFCC) Roadrunners,cleaned,obituary,low,matched_obituary_signals,"{""content"": [""obituary""]}",2025-09-26,2025-09-23T15:12:43.660970
ec1daa41-671c-4290-ac4f-af5f571b0bc6,https://eldoradospringsmo.com/letters-to-the-editor/make-the-usa-better-with-your-vote/,Make the USA better with your vote - El Dorado Springs Sun,cleaned,opinion,medium,matched_opinion_signals,"{""url"": [""letters"", ""letters-to-the-editor""]}",2025-09-26,2025-09-23T15:09:44.961519
deb5c477-ec13-4a3c-968a-ab212be6387c,https://bocojo.com/obituaries/marvin-lee-boyce-april-27-1954-september-10-2025/?utm_source=rss&,"Marvin Lee Boyce, April 27, 1954 — September 10, 2025",cleaned,obituary,medium,matched_obituary_signals,"{""url"": [""obituar""]}",2025-09-26,2025-09-23T15:08:50.517244
49445dac-f500-4070-bc11-ddd0a87a7e1e,https://www.semissourian.com/stories/story-submission-form-51bdd638,Story submission form,cleaned,obituary,low,matched_obituary_signals,"{""meta_description"": [""obituaries""]}",2025-09-26,2025-09-23T15:07:26.369591
f2c63316-9a95-4860-adaf-fd1a73d71a7b,https://www.kbia.org/2025-09-20/opinion-robert-redford-will-always-light-up-our-screens,Opinion: Robert Redford will always light up our screens,cleaned,opinion,high,matched_opinion_signals,"{""title"": [""opinion""], ""url"": [""opinion""]}",2025-09-26,2025-09-23T15:06:41.928124
2b7c3407-36e5-49f2-99f3-983eb3295e1f,https://mdcp.nwaonline.com/news/2025/sep/18/opinion-six-month-increments/,OPINION: Six-Month Increments,cleaned,opinion,high,matched_opinion_signals,"{""title"": [""opinion""], ""url"": [""opinion""]}",2025-09-26,2025-09-23T15:05:51.659152
eec81945-2aa6-4991-819c-bc9df27f76b4,https://www.ksmu.org/2025-09-20/opinion-robert-redford-will-always-light-up-our-screens,Opinion: Robert Redford will always light up our screens,cleaned,opinion,high,matched_opinion_signals,"{""title"": [""opinion""], ""url"": [""opinion""]}",2025-09-26,2025-09-23T15:02:05.111237
b23fa7d5-d968-4f1f-afa8-27b75dbc03bb,"https://buffaloreflex.com/stories/leuritta-rountree-obituary,75998",Leuritta Rountree Obituary,cleaned,obituary,high,matched_obituary_signals,"{""title"": [""obituary""], ""url"": [""obituar""]}",2025-09-26,2025-09-23T15:00:30.112976
6d34a88b-d4ab-404c-8235-6e4884052627,"https://www.bentoncountyenterprise.com/stories/scenes-from-the-58th-annual-warsaw-jubilee-days,119813",Scenes From The 58th Annual Warsaw JUBILEE DAYS,cleaned,obituary,low,matched_obituary_signals,"{""content"": [""obituary""]}",2025-09-26,2025-09-23T14:58:56.580480
537d0553-e6f3-4ac0-8be7-401515eb0fda,https://bocojo.com/news/memorial-bench-honoring-crystal-branch-beloved-teacher-and-coach-installed-at-southern-boone-primary-school/,"Memorial bench honoring Crystal Branch, beloved teacher and coach, installed at Southern Boone Primary School",cleaned,obituary,low,matched_obituary_signals,"{""meta_description"": [""obituary""]}",2025-09-26,2025-09-23T14:58:07.009484
619ac496-864e-4c99-92b4-26332f8c0dc3,https://www.pikecountynews.com/2025/08/29/obituaries/juanita-dietle/,Pike County News,cleaned,obituary,medium,matched_obituary_signals,"{""url"": [""obituar""]}",2025-09-26,2025-09-23T14:55:48.500351
37c3c852-f438-40a8-ad68-206d17312106,https://www.lakegazette.net/2025/08/29/obituaries/dwight-wayne-shuck/,DWIGHT WAYNE SHUCK,cleaned,obituary,medium,matched_obituary_signals,"{""url"": [""obituar""]}",2025-09-26,2025-09-23T14:55:09.515191
d2a3d0ea-8ae7-4c85-91f7-a51f6790851f,https://www.kxcv.org/2025-09-20/opinion-robert-redford-will-always-light-up-our-screens,Opinion: Robert Redford will always light up our screens,cleaned,opinion,high,matched_opinion_signals,"{""title"": [""opinion""], ""url"": [""opinion""]}",2025-09-26,2025-09-23T14:52:09.265752
de178599-78a9-42b8-9b2f-bdcb4884437c,https://bocojo.com/news/memorial-bench-honoring-crystal-branch-beloved-teacher-and-coach-installed-at-southern-boone-primary-school/?utm_source=rss&utm_medium=rss&utm_campaign=memorial-bench-honoring-crystal-branch-beloved-teacher-and-coach-installed-at-southern-boone-primary-school,"Memorial bench honoring Crystal Branch, beloved teacher and coach, installed at Southern Boone Primary School",cleaned,obituary,low,matched_obituary_signals,"{""meta_description"": [""obituary""]}",2025-09-26,2025-09-23T14:51:14.981641
ff121e10-5e88-4677-b545-6f48ed98a78e,"https://buffaloreflex.com/stories/bob-miller-obituary,76068",Bob Miller Obituary,cleaned,obituary,high,matched_obituary_signals,"{""title"": [""obituary""], ""url"": [""obituar""]}",2025-09-26,2025-09-23T14:51:14.417484
3e58b793-b49e-4e9d-a351-1c008296ce4b,https://www.lakegazette.net/2025/09/04/uncategorized/mu-extension-promotes-neighborly-connections-during-missouri-good-neighbor-week/,MU Extension Promotes Neighborly Connections During Missouri Good Neighbor Week,cleaned,opinion,low,matched_opinion_signals,"{""meta_description"": [""letter""]}",2025-09-26,2025-09-23T14:50:10.412492
9853432c-cb74-41a9-b326-f057c80c2f5a,https://www.studlife.com/forum/2025/09/17/staff-editorial-embrace-and-encourage-political-discourse,Staff Editorial: Embrace and encourage political discourse,cleaned,opinion,high,matched_opinion_signals,"{""title"": [""editorial""], ""url"": [""editorial""]}",2025-09-26,2025-09-23T14:49:44.864525
eef32eca-27f7-4e93-b41b-c39eb81d4498,"https://buffaloreflex.com/stories/ronald-e-whitney-obituary,75996",Ronald E. Whitney Obituary,cleaned,obituary,high,matched_obituary_signals,"{""title"": [""obituary""], ""url"": [""obituar""]}",2025-09-26,2025-09-23T14:48:40.451808
22c102bf-3111-4818-aebd-5b627c0f5cd8,https://standard-democrat.com/magazines/2025-football-preview-7f2349fd,2025 Football Preview,cleaned,obituary,low,matched_obituary_signals,"{""content"": [""obituaries""]}",2025-09-26,2025-09-23T11:08:30.430750
e3c5f9a9-ddb1-4939-86b8-552f5b49f446,https://www.stlamerican.com/news/editorials/attacks-on-american-democracy/,Attacks on American democracy,cleaned,opinion,medium,matched_opinion_signals,"{""url"": [""editorial"", ""editorials""]}",2025-09-26,2025-09-23T10:54:01.884918
9cf3911f-b699-4f87-923b-b862a2210fce,https://www.darnews.com/world/pakistani-dating-show-sparks-anger-ahead-of-its-debut-on-youtube-7c90ce07,Pakistani dating show sparks anger ahead of its debut on YouTube,cleaned,obituary,low,matched_obituary_signals,"{""content"": [""obituaries""]}",2025-09-26,2025-09-23T10:53:08.529773
80e74db4-e9a7-4069-90d3-ad98cb7ec5f3,https://www.stlpr.org/npr/2025-09-20/top-democrats-ask-for-a-meeting-with-trump-ahead-of-government-shutdown,Top Democrats ask for a meeting with Trump ahead of government shutdown,extracted,opinion,low,matched_opinion_signals,"{""meta_description"": [""letter""]}",2025-09-26,2025-09-23T10:51:04.418683
e2fb6d1a-04e8-4b10-b66e-44194e22faa7,https://www.dddnews.com/opinion/with-your-whole-heart-62a3245a,With Your Whole Heart,cleaned,opinion,medium,matched_opinion_signals,"{""url"": [""opinion""]}",2025-09-26,2025-09-23T10:49:59.334772
b7f0d4f9-335e-43a8-a4dc-9a493bd5a824,https://standard-democrat.com/magazines/2025-mississippi-county-sports-review-53c651d1,2025 Mississippi County Sports Review,cleaned,obituary,low,matched_obituary_signals,"{""content"": [""obituaries""]}",2025-09-26,2025-09-23T10:49:57.820513
30cfeb36-b693-4e78-beb2-5a701dab5d9d,https://www.douglascountyherald.com/2019/12/26/opinion-no-one-is-above-the-law-including-congress/,OPINION: No One is Above the Law – Including Congress,cleaned,opinion,high,matched_opinion_signals,"{""title"": [""opinion""], ""url"": [""opinion""]}",2025-09-26,2025-09-23T10:39:29.736883
65e32685-145e-4bfc-867a-233173080860,https://www.newstribune.com/news/2025/sep/20/commentary-theres-no-easy-way-to-unmask-ice-agents/,COMMENTARY: There’s no easy way to unmask ICE agents,cleaned,opinion,high,matched_opinion_signals,"{""title"": [""commentary""], ""url"": [""commentary""]}",2025-09-26,2025-09-23T10:39:23.934588
5d8c5c77-fbec-43ae-bbf9-a2651e0bd3b6,https://www.pikecountynews.com/2025/07/25/obituaries/gene-williams/,Pike County News,cleaned,obituary,medium,matched_obituary_signals,"{""url"": [""obituar""]}",2025-09-26,2025-09-23T10:38:48.638820
c48af719-c18c-4623-be92-f7619555f714,https://bocojo.com/opinion/around-town-aug-20-2025/feed/,"Comments on: Around Town: Aug. 20, 2025",cleaned,opinion,medium,matched_opinion_signals,"{""url"": [""opinion""]}",2025-09-26,2025-09-23T10:38:31.566436
75f1e475-4c63-4fac-9688-1970939dbf77,https://www.dddnews.com/news/kennett-career-and-technology-displays-improvements-and-additions-at-open-house-9e161f7f,Kennett Career and Technology Education Center displays improvements a...,cleaned,obituary,low,matched_obituary_signals,"{""content"": [""obituaries""]}",2025-09-26,2025-09-23T10:36:15.650440
71b7bd52-4ef2-476b-b6bc-fdec53da9521,https://www.pikecountynews.com/2025/08/15/opinion/first-day-of-school-goodbye/,FIRST DAY OF SCHOOL GOODBYE,cleaned,opinion,medium,matched_opinion_signals,"{""url"": [""opinion""]}",2025-09-26,2025-09-23T10:34:01.913868
e528aafb-cea3-4a74-b9d6-0c186937e1da,https://www.kxcv.org/2025-09-20/top-democrats-ask-for-a-meeting-with-trump-ahead-of-government-shutdown,Top Democrats ask for a meeting with Trump ahead of government shutdown,cleaned,opinion,low,matched_opinion_signals,"{""meta_description"": [""letter""]}",2025-09-26,2025-09-23T10:33:56.964244
08da1601-ea26-4d43-9621-a7b0446b2fb8,https://www.dddnews.com/magazines/2025-kennett-fall-sports-calendar-8b7e1c0d,2025 Kennett Fall Sports Calendar,cleaned,obituary,low,matched_obituary_signals,"{""content"": [""obituaries""]}",2025-09-26,2025-09-23T10:33:48.679668
9b5989ea-8e0b-4705-b2a3-1918113203fe,https://standard-democrat.com/posterboard/discount-cigs-and-beer-d0f8603d,DISCOUNT CIGS AND BEER,cleaned,obituary,low,matched_obituary_signals,"{""content"": [""obituaries""]}",2025-09-26,2025-09-23T10:30:29.050505
25574545-aa87-4b8e-8f51-b6caf4f7fd6d,https://www.news-leader.com/story/opinion/readers/2025/09/20/letters-to-the-editor-tariffs-social-security-and-the-chiefs/86210960007/,"Letters to the Editor: Tariffs, Social Security and the Chiefs' (lack of) running game",cleaned,opinion,medium,matched_opinion_signals,"{""url"": [""opinion"", ""letters"", ""letters-to-the-editor""], ""meta_description"": [""letter"", ""letters""]}",2025-09-26,2025-09-23T10:29:14.038146
42f2e31e-fd88-4fea-8dfc-ac722941e29e,https://carthagenewsonline.com/opinion/columns/stock-market-insights/stock-market-insights-ceiling-and-floor-the-new-global-tariff-framework/,Stock Market Insights: Ceiling and Floor – The New Global Tariff Framework,cleaned,opinion,medium,matched_opinion_signals,"{""url"": [""opinion"", ""column"", ""columns""]}",2025-09-26,2025-09-23T10:28:57.013969
bcdde8bd-2822-4ca5-9ffb-6b4a4c9e5cff,https://www.pikecountynews.com/2025/09/04/opinion/shopping-local-helps-build-our-community/,Shopping local helps build our community,cleaned,opinion,medium,matched_opinion_signals,"{""url"": [""opinion""]}",2025-09-26,2025-09-23T10:28:40.778348
9ae413b3-7a8d-4df0-960f-fb0666b8f6e8,https://www.pikecountynews.com/2025/07/29/obituaries/wayne-young/,Pike County News,cleaned,obituary,medium,matched_obituary_signals,"{""url"": [""obituar""]}",2025-09-26,2025-09-23T10:26:26.651418
f7d7c9c4-ce8c-4de6-861f-d8a08e0fc0ff,https://www.dddnews.com/opinion/precious-life-giving-words-7b185f11,"""Precious, Life-giving Words""",cleaned,opinion,medium,matched_opinion_signals,"{""url"": [""opinion""]}",2025-09-26,2025-09-23T10:22:17.705584
7d890b6b-3e45-4306-bbe2-e10e5740c2a7,https://www.darnews.com/sports/royals-swept-by-green-wave-thursday-34f86aba,Royals swept by Green Wave Thursday,cleaned,obituary,low,matched_obituary_signals,"{""content"": [""obituaries""]}",2025-09-26,2025-09-23T10:21:22.226655
97acc3ef-9fac-4ca9-aeae-54ddf881c671,https://www.dddnews.com/posterboard-ads/jimmy-clean-d7f14b8d,Jimmy Clean,cleaned,obituary,low,matched_obituary_signals,"{""content"": [""obituaries""]}",2025-09-26,2025-09-23T10:20:55.562206
da11f59c-e85f-4fc3-bf8a-6f1d8e469cab,https://www.dddnews.com/opinion/freedom-of-speech-is-a-god-given-right-d1809cbe,Freedom of speech is a God given right,cleaned,opinion,medium,matched_opinion_signals,"{""url"": [""opinion""]}",2025-09-26,2025-09-23T10:20:52.593215
34df1ca9-f86b-4890-870a-fc986f0987b1,https://www.newstribune.com/news/2025/sep/20/commentary-why-are-trump-rfk-jr-targeting-pharma/,"COMMENTARY: Why are Trump, RFK Jr. targeting pharma ads?",cleaned,opinion,high,matched_opinion_signals,"{""title"": [""commentary""], ""url"": [""commentary""]}",2025-09-26,2025-09-23T10:18:04.072126
c0ad7c16-640d-4b91-9343-fe22765fc9b1,https://www.phelpscountyfocus.com/news/article_622fbd4d-a41a-437a-9b04-ac1bc62f07f9.html,"Phelps Health, city government consider pact on Centre operation",cleaned,opinion,low,matched_opinion_signals,"{""meta_description"": [""letter""]}",2025-09-26,2025-09-23T10:17:40.074503
ee6fe8ee-84d0-46ca-ae67-bf90c58f8640,https://news-leader.gannettcontests.com/2025-Fall-50K-Project-Home-Improved-FPHI/?itm_campaign=2025%20Fall%20Home%20Improved%20NON-Sponsored&itm_medium=con&itm_source=secondStreet,Fall Home Improved $50K Giveaway,extracted,obituary,low,matched_obituary_signals,"{""content"": [""obituaries""]}",2025-09-26,2025-09-23T10:16:08.972195
44e89dd4-1473-48e5-b777-c216221dbc64,https://www.darnews.com/news/a-legacy-of-health-encouragement-to-carry-on-through-upcoming-jess-walk-d62dfa27,"A legacy of health, encouragement to carry on through upcoming Jess Wa...",cleaned,obituary,low,matched_obituary_signals,"{""content"": [""obituaries""]}",2025-09-26,2025-09-23T10:15:05.075676
a671d067-178c-4321-b259-7fa90647d67c,"https://www.gasconadecountyrepublican.com/stories/diamond-dutchgirls-drop-road-games-at-linn-borgia,180333","Diamond Dutchgirls drop road games at Linn, Borgia",cleaned,opinion,low,matched_opinion_signals,"{""meta_description"": [""column""]}",2025-09-26,2025-09-23T10:12:11.622082
cde7bd25-659b-4c1b-94a8-9882a63b8d3f,https://bocojo.com/opinion/continuing-the-spiritual-journey-the-narrow-and-the-last/?utm_source=rss&,Continuing the Spiritual Journey – The Narrow and the Last - Boone County Journal,cleaned,opinion,medium,matched_opinion_signals,"{""url"": [""opinion""]}",2025-09-26,2025-09-23T02:34:08.890184
e38f8f5a-9275-4338-a511-312a23fdb849,https://www.darnews.com/world/ice-denies-using-excessive-force-as-it-broadens-immigration-arrests-in-chicago-fd6d049f,ICE denies using excessive force as it broadens immigration arrests in...,cleaned,obituary,low,matched_obituary_signals,"{""content"": [""obituaries""]}",2025-09-26,2025-09-23T02:33:27.689836
d81c73d3-a111-4123-97e1-cabae1414005,https://bocojo.com/opinion/around-town-aug-13-2025/?utm_source=rss&,"Around Town: Aug. 13, 2025 - Boone County Journal",cleaned,opinion,medium,matched_opinion_signals,"{""url"": [""opinion""]}",2025-09-26,2025-09-23T02:30:53.754326
9ac4d47d-fe83-41c9-83fe-05dd33e18f4a,"https://www.kirksvilledailyexpress.com/stories/obituary-june-olive-pierson,27180","OBITUARY: June ""Olive"" Pierson",cleaned,obituary,high,matched_obituary_signals,"{""title"": [""obituary""], ""url"": [""obituar""]}",2025-09-26,2025-09-23T02:29:27.729162
91437a73-c844-4e13-a7a3-1b888083bdc7,"https://buffaloreflex.com/stories/emily-sue-doty-obituary,75997",Emily Sue Doty Obituary,cleaned,obituary,high,matched_obituary_signals,"{""title"": [""obituary""], ""url"": [""obituar""]}",2025-09-26,2025-09-23T02:27:13.418753
5b24b22f-7c2c-41d5-9ce8-21ced8bd3afd,"https://www.lakenewsonline.com/stories/friday-night-lights,148732",Friday Night Lights,cleaned,opinion,low,matched_opinion_signals,"{""meta_description"": [""column""]}",2025-09-26,2025-09-23T02:26:32.719167
82b90787-f3b4-43da-8cf5-1d00b593c579,"https://buffaloreflex.com/stories/larry-james-nicholson-obituary,76001",Larry James Nicholson Obituary,cleaned,obituary,high,matched_obituary_signals,"{""title"": [""obituary""], ""url"": [""obituar""]}",2025-09-26,2025-09-23T02:26:11.695202
9cf0aabb-611f-42a9-b3d2-ae60e7e09a49,https://bocojo.com/opinion/around-town-aug-20-2025/?utm_source=rss&,"Around Town: Aug. 20, 2025",cleaned,opinion,medium,matched_opinion_signals,"{""url"": [""opinion""]}",2025-09-26,2025-09-23T02:23:19.377679
fb4b1c0f-e6d2-4619-acce-40e1d0f0b22e,https://www.lakegazette.net/2025/08/29/obituaries/randee-sue-burmmet/,RANDEE SUE BURMMET,cleaned,obituary,medium,matched_obituary_signals,"{""url"": [""obituar""]}",2025-09-26,2025-09-23T02:22:35.920464
2d503a84-eefd-4629-90c6-3517716c3c00,https://www.dddnews.com/posterboard-ads/common-ground-assembly-of-god-bb998a67,Common Ground Assembly of God,cleaned,obituary,low,matched_obituary_signals,"{""content"": [""obituaries""]}",2025-09-26,2025-09-23T02:19:27.002800
0532c615-bde5-44ff-a509-84d35f31be4f,https://www.kbia.org/2025-09-20/top-democrats-ask-for-a-meeting-with-trump-ahead-of-government-shutdown,Top Democrats ask for a meeting with Trump ahead of government shutdown,cleaned,opinion,low,matched_opinion_signals,"{""meta_description"": [""letter""]}",2025-09-26,2025-09-23T02:13:11.285731
661380f2-0b89-4b2f-b7a4-a9df87dd97f6,https://www.standard-democrat.com/world/sonny-curtis-crickets-member-who-penned-mary-tyler-moore-show-theme-dies-at-88-125a37c5,"Sonny Curtis, Crickets member who penned ‘Mary Tyler Moore Show’ theme...",cleaned,obituary,low,matched_obituary_signals,"{""content"": [""obituaries""]}",2025-09-26,2025-09-23T02:10:25.478590
f30437e3-b934-4bb3-b118-1c708df4bfa3,https://www.newstribune.com/news/2025/sep/20/commentary-empathy-is-only-way-forward-after/,COMMENTARY: Empathy is only way forward after Charlie Kirk’s death,cleaned,opinion,high,matched_opinion_signals,"{""title"": [""commentary""], ""url"": [""commentary""]}",2025-09-26,2025-09-23T02:04:29.030201
407574a9-72e1-45ef-a696-50d2ce821566,"https://buffaloreflex.com/stories/death-notices,76070",Buffalo Reflex,cleaned,obituary,medium,matched_obituary_signals,"{""url"": [""death-notice""]}",2025-09-26,2025-09-23T02:04:12.842132
3a591bc7-0207-4c0b-98bc-9f5e208fbb90,https://www.howellcountynews.com/local/howell-county-news-recognized-investigative-work-sports-opinions,"Howell County News recognized for investigative work, sports, opinions",cleaned,opinion,high,matched_opinion_signals,"{""title"": [""opinion""], ""url"": [""opinion"", ""opinions""]}",2025-09-26,2025-09-23T02:02:32.989498
7b90b844-040a-4866-a33e-424643e7b410,https://www.ksmu.org/2025-09-20/an-overview-of-public-sentiment-in-the-u-k-regarding-trump-and-his-style-of-politics,An overview of public sentiment in the U.K. regarding Trump and his style of politics,cleaned,opinion,low,matched_opinion_signals,"{""meta_description"": [""column""]}",2025-09-26,2025-09-23T02:00:43.306835
1c825740-c6d8-46bc-a296-3b7720f92557,https://bocojo.com/opinion/around-town-july-30th-2025/feed/,"Comments on: Around Town: July 30th, 2025",cleaned,opinion,medium,matched_opinion_signals,"{""url"": [""opinion""]}",2025-09-26,2025-09-23T02:00:13.619604
f048037b-f997-4778-bdab-652ebd122b75,https://www.bentoncountyenterprise.com/cornerstone-academy-of-the-ozarks-cao-messengers/,Cornerstone Academy of the Ozarks (CAO) Messengers,cleaned,obituary,low,matched_obituary_signals,"{""content"": [""obituary""]}",2025-09-26,2025-09-23T01:59:09.979916
84f8f886-a9f5-46d7-9dba-fccbec2fa471,https://www.krcu.org/2025-09-20/opinion-robert-redford-will-always-light-up-our-screens,Opinion: Robert Redford will always light up our screens,cleaned,opinion,high,matched_opinion_signals,"{""title"": [""opinion""], ""url"": [""opinion""]}",2025-09-26,2025-09-23T01:57:05.053107
a12f8512-047b-4c17-ac2b-421ebf1501ee,"https://www.kirksvilledailyexpress.com/stories/obituary-herman-eugene-truitt,27202",OBITUARY: Herman Eugene Truitt,cleaned,obituary,high,matched_obituary_signals,"{""title"": [""obituary""], ""url"": [""obituar""]}",2025-09-26,2025-09-23T01:54:44.857087
4f7f57f9-7610-4dda-94d1-db3cd8ce384a,https://www.dddnews.com/news/hard-work-horsepower-and-a-community-tradition-that-packs-the-stands-6b710e98,"Hard work, horsepower, and a community tradition that packs the stands",cleaned,obituary,low,matched_obituary_signals,"{""content"": [""obituaries""]}",2025-09-26,2025-09-23T01:53:46.912439
34a10f82-849c-47ba-85f9-043cd5967644,"https://www.kirksvilledailyexpress.com/stories/obituary-robert-bobby-harvey-minear,27206","OBITUARY: Robert ""Bobby"" Harvey Minear",cleaned,obituary,high,matched_obituary_signals,"{""title"": [""obituary""], ""url"": [""obituar""]}",2025-09-26,2025-09-23T01:53:31.501141
d6b71e9d-a5c5-4134-b10b-2b26789c4064,https://mdcp.nwaonline.com/news/2025/sep/11/opinion-building-your-town-why-half-wont-cut-it/,OPINION: Building your town: why half won’t cut it,cleaned,opinion,high,matched_opinion_signals,"{""title"": [""opinion""], ""url"": [""opinion""]}",2025-09-26,2025-09-23T01:48:58.260178
4aae0c30-8609-40f9-9a8c-fa9f5d211b65,https://www.semissourian.com/news/florists-sprout-back-up-after-fire-burnt-down-business-07cbd4e5,Florists sprout back up after fire burned down business,cleaned,obituary,low,matched_obituary_signals,"{""content"": [""obituaries""]}",2025-09-26,2025-09-23T01:48:24.443488
1be7d3ca-8be9-4cad-97fe-d99a6a4a06a2,"https://buffaloreflex.com/stories/death-notices,76009",Buffalo Reflex,cleaned,obituary,medium,matched_obituary_signals,"{""url"": [""death-notice""]}",2025-09-26,2025-09-23T01:46:23.332627
8941ef30-dc9c-4466-acd2-8b5435694ae9,https://www.ksmu.org/2025-09-20/top-democrats-ask-for-a-meeting-with-trump-ahead-of-government-shutdown,Top Democrats ask for a meeting with Trump ahead of government shutdown,cleaned,opinion,low,matched_opinion_signals,"{""meta_description"": [""letter""]}",2025-09-26,2025-09-23T01:43:21.733968
de346f6d-6f52-4d0b-84eb-1ae4381490e7,"https://buffaloreflex.com/stories/thomas-patrick-healey-obituary,76002",Thomas Patrick Healey Obituary,cleaned,obituary,high,matched_obituary_signals,"{""title"": [""obituary""], ""url"": [""obituar""]}",2025-09-26,2025-09-23T01:41:53.956778
080347f3-0fea-43f4-ad98-cb7735727b32,https://www.hannibal.net/opinion/columnists/robin-writes-the-best-seat-at-the-game/article_935f022f-2e33-5862-acd4-abe4508ed24d.html,Robin Writes: The Best Seat at the Game,cleaned,opinion,medium,matched_opinion_signals,"{""url"": [""opinion"", ""column"", ""columnists""]}",2025-09-26,2025-09-23T01:38:52.155996
774db89a-933d-47bb-af79-e0617d2e2855,https://www.semissourian.com/world/russia-launches-a-large-scale-attack-on-ukraine-killing-3-and-wounding-dozens-b5177726,"Russia launches a large-scale attack on Ukraine, killing 3 and woundin...",cleaned,obituary,low,matched_obituary_signals,"{""content"": [""obituaries""]}",2025-09-26,2025-09-23T01:37:56.676485
50ae6feb-cb2e-44a6-8d52-95ab75fa8a2d,https://eldoradospringsmo.com/letters-to-the-editor/el-dorado-springs-fire-department-there-when-you-need-them/#comments,El Dorado Springs Fire Department – There when you need them - El Dorado Springs Sun,cleaned,opinion,medium,matched_opinion_signals,"{""url"": [""letters"", ""letters-to-the-editor""]}",2025-09-26,2025-09-23T01:37:50.461436
8921a747-8fcd-47ef-82a6-84264518058b,https://bocojo.com/opinion/around-town-august-6-2025/?utm_source=rss&,"Around Town: August 6, 2025",cleaned,opinion,medium,matched_opinion_signals,"{""url"": [""opinion""]}",2025-09-26,2025-09-23T01:33:57.485024
20eda23f-ef4b-444f-8adc-af3190e21d0e,https://www.dddnews.com/opinion/growing-up-in-the-cotton-fields-lessons-from-a-missouri-farmers-daughter-b81cac85,Growing up in the cotton fields: Lessons from a Missouri farmer’s daug...,cleaned,opinion,medium,matched_opinion_signals,"{""url"": [""opinion""]}",2025-09-26,2025-09-23T01:32:51.534689
324322a1-fbb9-4221-b771-14baffab76e2,https://bocojo.com/obituaries/obituary-vera-jean-nora-barner-nichols/?utm_source=rss&,Obituary: Vera Jean Nora Barner Nichols,cleaned,obituary,high,matched_obituary_signals,"{""title"": [""obituary""], ""url"": [""obituar""]}",2025-09-26,2025-09-23T01:32:47.754194
65764a89-cd12-4d10-a48a-ad3ec04da1e2,https://www.pikecountynews.com/2025/09/12/opinion/whats-in-a-name/,WHAT'S IN A NAME,cleaned,opinion,medium,matched_opinion_signals,"{""url"": [""opinion""]}",2025-09-26,2025-09-23T01:32:46.318173
8ec995c0-49ea-484c-bfa5-3db6afd3a401,"https://buffaloreflex.com/stories/roy-joseph-kellhofer-jr-obituary,76069","Roy Joseph Kellhofer, Jr. Obituary",cleaned,obituary,high,matched_obituary_signals,"{""title"": [""obituary""], ""url"": [""obituar""]}",2025-09-26,2025-09-23T01:31:48.917863
c4dce3f2-5610-4fb1-be0a-3feede3dc9cc,https://www.darnews.com/news/many-challenges-face-area-business-owners-not-the-least-is-managing-personnel-661acf65,"Many challenges face area business owners, not the least is managing p...",cleaned,obituary,low,matched_obituary_signals,"{""content"": [""obituaries""]}",2025-09-26,2025-09-23T01:31:09.696640
af2f8bd8-cb2c-4e2c-806c-0cd58b5bee43,https://www.palmyra-spectator.com/2025/08/25/randy-tallman/,Randy Tallman,cleaned,obituary,low,matched_obituary_signals,"{""content"": [""obituaries""]}",2025-09-26,2025-09-23T01:27:10.812581
7d39718f-a1f1-4c2b-8bf1-e77e4fa818e3,https://www.darnews.com/world/trumps-economic-promises-to-black-voters-fall-short-after-a-modest-shift-in-support-for-him-in-2024-588c2d23,Trump's economic promises to Black voters fall short after a modest sh...,cleaned,obituary,low,matched_obituary_signals,"{""content"": [""obituaries""]}",2025-09-26,2025-09-23T01:21:18.230577
3ecd72bb-7451-4792-960e-408b7db85662,https://www.semissourian.com/world/democratic-leaders-in-congress-demand-a-meeting-with-trump-as-government-shutdown-looms-a214d540,Democratic leaders in Congress demand a meeting with Trump as governme...,cleaned,obituary,low,matched_obituary_signals,"{""content"": [""obituaries""]}",2025-09-26,2025-09-23T01:21:01.577972
33239687-6df7-49fd-8f52-95e2bcbc4d3c,https://www.darnews.com/posterboard-ads/godfathers-pizza-602155dc,Godfather's Pizza,cleaned,obituary,low,matched_obituary_signals,"{""content"": [""obituaries""]}",2025-09-26,2025-09-23T01:16:55.744071
0070afe6-1e7e-48db-8f61-d848745049b3,https://www.pikecountynews.com/2025/09/17/obituaries/dorothy-jane-brown-murray/,DOROTHY JANE BROWN,cleaned,obituary,medium,matched_obituary_signals,"{""url"": [""obituar""]}",2025-09-26,2025-09-23T01:16:08.088874
acc0f692-c203-46e2-babe-5acf7f4dc9b3,https://www.lakegazette.net/2025/08/29/obituaries/william-joseph-elliott/,WILLIAM JOSEPH ELLIOTT,cleaned,obituary,medium,matched_obituary_signals,"{""url"": [""obituar""]}",2025-09-26,2025-09-23T01:14:36.322351
1f02ec8d-638f-45c6-a95f-18332bec272d,https://www.pikecountynews.com/2025/08/08/obituaries/marjorie-russell/,MARJORIE RUSSELL,cleaned,obituary,medium,matched_obituary_signals,"{""url"": [""obituar""]}",2025-09-26,2025-09-23T01:13:18.825340
a79cfe46-956b-4a5b-b344-d080a13a21de,https://bocojo.com/obituaries/earl-dean-nance-nov-15-1944-aug-27-2025/?utm_source=rss&,"Earl Dean Nance, Nov. 15, 1944 — Aug. 27, 2025",cleaned,obituary,medium,matched_obituary_signals,"{""url"": [""obituar""]}",2025-09-26,2025-09-23T01:11:24.893752
7772a3e2-13c2-4642-ab6a-7e67d5299ea5,https://www.newstribune.com/news/2025/sep/19/phones-versus-play-commentary-most-kids-have-lost/,COMMENTARY: Most kids have lost play-based childhood,cleaned,opinion,high,matched_opinion_signals,"{""title"": [""commentary""], ""url"": [""commentary""]}",2025-09-26,2025-09-23T01:09:03.441790
752b5989-3aa3-43fc-864f-e0d17468cfb0,https://www.darnews.com/world/texts-reveal-behind-the-scenes-maneuvering-of-the-vaticans-trial-of-the-century-16e780fa,Texts reveal behind-the-scenes maneuvering of the Vatican’s ‘trial of ...,cleaned,obituary,low,matched_obituary_signals,"{""content"": [""obituaries""]}",2025-09-26,2025-09-23T01:08:37.143926
a2f94a7f-cdec-4275-9d0e-5c8a57a0aac4,https://www.dddnews.com/opinion/fair-food-favorites-065a38ca,Fair Food Favorites,cleaned,obituary,low,matched_obituary_signals,"{""content"": [""obituaries""]}",2025-09-26,2025-09-23T01:07:08.762670
586f2d3a-11c6-4091-9088-5d0b97abc1c8,https://bocojo.com/opinion/around-town-aug-13-2025/feed/,"Comments on: Around Town: Aug. 13, 2025",cleaned,opinion,medium,matched_opinion_signals,"{""url"": [""opinion""]}",2025-09-26,2025-09-23T01:04:47.365242
fd4d5a7b-e833-4ce3-9bb3-15a9dd1addc9,https://bocojo.com/opinion/around-town-august-6-2025/feed/,"Comments on: Around Town: August 6, 2025",cleaned,opinion,medium,matched_opinion_signals,"{""url"": [""opinion""]}",2025-09-26,2025-09-23T01:04:09.492795
bb80bd42-de66-473d-8b88-94f028c57530,https://www.douglascountyherald.com/2021/05/13/city-aldermen-purchase-mowers-hire-pool-staff/,"City Aldermen Purchase Mowers, Hire Pool Staff",cleaned,obituary,low,matched_obituary_signals,"{""content"": [""obituary""]}",2025-09-26,2025-09-23T01:00:20.421756
3eafe2bd-8572-44da-8f8b-23600d08fc45,https://www.douglascountyherald.com/2020/01/30/opinion-grain-belt-express-will-lower-electric-bills-and-create-jobs/,Opinion: Grain Belt Express will Lower Electric Bills and Create Jobs,cleaned,opinion,high,matched_opinion_signals,"{""title"": [""opinion""], ""url"": [""opinion""]}",2025-09-26,2025-09-23T00:58:49.866075
c7bb4325-ff15-4fb3-bff2-2add87c45ff7,https://www.firesideguard.com/2025/09/17/obituaries/ruby-mae-meeks/,Centralia Fireside Guard,cleaned,obituary,medium,matched_obituary_signals,"{""url"": [""obituar""]}",2025-09-26,2025-09-23T00:58:23.594073
