article_id,candidate_link_id,url,title,status,confidence,confidence_score,reason,detected_at,detector_version,source,source_name,source_city,source_county,owner,publish_date,metadata_section,metadata_subsection,metadata_keywords,evidence_title_patterns,evidence_content,evidence_json,evidence_url,evidence_title,evidence_meta_description
920e1f9a-b52f-437d-b9f8-fbc55f307101,b0618ab0-0901-4891-ab65-b2294a98208b,https://bocojo.com/obituaries/louis-r-bradley-march-26-1939-aug-12-2025/?utm_source=rss&,"Louis R. Bradley, March 26, 1939 — Aug. 12, 2025 - Boone County Journal",obituary,high,0.5,matched_obituary_signals,2025-09-27T01:32:46,2025-09-27a,Boone County Journal,Boone County Journal,Ashland,Boone,,1939-08-12T00:00:00,,,,life_year_span,passed away; survived by,"{""url"": [""obituaries""], ""title_patterns"": [""life_year_span""], ""content"": [""passed away"", ""survived by""]}",obituaries,,
324322a1-fbb9-4221-b771-14baffab76e2,27bfe03c-48a0-41cd-8abf-56c0e93b6c0e,https://bocojo.com/obituaries/obituary-vera-jean-nora-barner-nichols/?utm_source=rss&,Obituary: Vera Jean Nora Barner Nichols,obituary,high,0.5,matched_obituary_signals,2025-09-27T01:32:46,2025-09-27a,Boone County Journal,Boone County Journal,Ashland,Boone,,2025-07-10T11:17:45-05:00,,,,,passed away,"{""title"": [""obituary""], ""url"": [""obituaries"", ""obituary""], ""content"": [""passed away""]}",obituaries; obituary,obituary,
deb5c477-ec13-4a3c-968a-ab212be6387c,0a7c13f5-ae2a-4327-840f-a302551ff8f3,https://bocojo.com/obituaries/marvin-lee-boyce-april-27-1954-september-10-2025/?utm_source=rss&,"Marvin Lee Boyce, April 27, 1954 — September 10, 2025",obituary,high,0.5,matched_obituary_signals,2025-09-27T01:32:46,2025-09-27a,Boone County Journal,Boone County Journal,Ashland,Boone,,2025-09-17T06:00:42-05:00,,,,life_year_span,passed away; survived by,"{""url"": [""obituaries""], ""title_patterns"": [""life_year_span""], ""content"": [""passed away"", ""survived by""]}",obituaries,,
86c4081c-c111-4501-bdd0-d180b68b9fd7,d59bfde4-a4e1-4926-9c4d-a5647f8c4126,https://www.firesideguard.com/2025/09/16/obituaries/jacqueline-simpson-forrest/,JACQUELINE SIMPSON FORREST,obituary,high,0.5,matched_obituary_signals,2025-09-27T01:32:46,2025-09-27a,Centralia Fireside Guard,Centralia Fireside Guard,Centralia,Boone,,2025-09-16T00:00:00,,,,all_caps_name,passed away; survived by,"{""url"": [""obituaries""], ""title_patterns"": [""all_caps_name""], ""content"": [""passed away"", ""survived by""]}",obituaries,,
c7bb4325-ff15-4fb3-bff2-2add87c45ff7,5e6b0960-bd7e-4396-9992-dc863ef8bc5e,https://www.firesideguard.com/2025/09/17/obituaries/ruby-mae-meeks/,Centralia Fireside Guard,obituary,high,0.5,matched_obituary_signals,2025-09-27T01:32:46,2025-09-27a,Centralia Fireside Guard,Centralia Fireside Guard,Centralia,Boone,,2025-09-17T00:00:00,,,,personal_name_title,funeral service; funeral services; passed away; survived by; visitation; visitation will be,"{""url"": [""obituaries""], ""title_patterns"": [""personal_name_title""], ""content"": [""funeral service"", ""funeral services"", ""passed away"", ""survived by"", ""visitation"", ""visitation will be""]}",obituaries,,
11e3f783-9479-4132-acaf-77796c5a01b6,676ced81-da35-472d-bbfc-c28276b0bcb5,https://dailyjournalonline.com/2025/09/19/death-notices-week-of-september-17/,Death Notices: Week of September 17,obituary,high,0.5,matched_obituary_signals,2025-09-27T01:32:46,2025-09-27a,"Daily Journal, Park Hills","Daily Journal, Park Hills",Park Hills,St. Francois,,2025-09-19T00:00:00,,,,,funeral service; funeral services,"{""title"": [""death notice"", ""death notices""], ""url"": [""death-notice""], ""content"": [""funeral service"", ""funeral services""]}",death-notice,death notice; death notices,
46a8bae5-6390-4c5c-995d-576b45bc7def,559f8c88-d5c3-424e-9029-927eb7c5d0e1,https://www.hannibal.net/obituaries/charlotte-e-rhoades/article_b306107b-4293-4a29-942a-fa651a9d1002.html,Charlotte E. Rhoades,obituary,high,0.5,matched_obituary_signals,2025-09-27T01:32:46,2025-09-27a,Hannibal Courier-Post,Hannibal Courier-Post,Hannibal,Marion,,2025-09-15T10:06:00-05:00,,,,personal_name_title,passed away,"{""url"": [""obituaries""], ""title_patterns"": [""personal_name_title""], ""content"": [""passed away""]}",obituaries,,
4bb14839-24ef-45a2-b1b5-50e8a1546281,849295bf-64e6-4b63-abbd-873658384c4c,"https://www.kirksvilledailyexpress.com/stories/obituary-anita-marie-king,27072",OBITUARY: Anita Marie King,obituary,high,0.5,matched_obituary_signals,2025-09-27T01:32:46,2025-09-27a,Kirksville Daily Express,Kirksville Daily Express,Kirskville,Adair,,2025-09-08T00:00:00,,,,,passed away,"{""title"": [""obituary""], ""url"": [""obituary""], ""content"": [""passed away""]}",obituary,obituary,
9ac4d47d-fe83-41c9-83fe-05dd33e18f4a,34a40ae6-7ed6-486f-a8cb-e6f1fdf39c1f,"https://www.kirksvilledailyexpress.com/stories/obituary-june-olive-pierson,27180","OBITUARY: June ""Olive"" Pierson",obituary,high,0.5,matched_obituary_signals,2025-09-27T01:32:46,2025-09-27a,Kirksville Daily Express,Kirksville Daily Express,Kirskville,Adair,,2025-09-11T00:00:00,,,,,survived by,"{""title"": [""obituary""], ""url"": [""obituary""], ""content"": [""survived by""]}",obituary,obituary,
34a10f82-849c-47ba-85f9-043cd5967644,bae44499-8a2f-44a1-bc55-f771e96b8f87,"https://www.kirksvilledailyexpress.com/stories/obituary-robert-bobby-harvey-minear,27206","OBITUARY: Robert ""Bobby"" Harvey Minear",obituary,high,0.5,matched_obituary_signals,2025-09-27T01:32:46,2025-09-27a,Kirksville Daily Express,Kirksville Daily Express,Kirskville,Adair,,2025-09-15T00:00:00,,,,,funeral service; funeral services; passed away; survived by; visitation,"{""title"": [""obituary""], ""url"": [""obituary""], ""content"": [""funeral service"", ""funeral services"", ""passed away"", ""survived by"", ""visitation""]}",obituary,obituary,
acc0f692-c203-46e2-babe-5acf7f4dc9b3,fc3f9bb6-ec0a-4d94-bd1e-54052ce9c231,https://www.lakegazette.net/2025/08/29/obituaries/william-joseph-elliott/,WILLIAM JOSEPH ELLIOTT,obituary,high,0.5,matched_obituary_signals,2025-09-27T01:32:46,2025-09-27a,Lake Gazette,Lake Gazette,Monroe City,Marion and Ralls,,2025-08-29T00:00:00,,,,all_caps_name,passed away,"{""url"": [""obituaries""], ""title_patterns"": [""all_caps_name""], ""content"": [""passed away""]}",obituaries,,
fb4b1c0f-e6d2-4619-acce-40e1d0f0b22e,84b54ede-f37f-46a1-8f49-c2baea1f08d5,https://www.lakegazette.net/2025/08/29/obituaries/randee-sue-burmmet/,RANDEE SUE BURMMET,obituary,high,0.5,matched_obituary_signals,2025-09-27T01:32:46,2025-09-27a,Lake Gazette,Lake Gazette,Monroe City,Marion and Ralls,,2025-08-29T00:00:00,,,,all_caps_name,passed away,"{""url"": [""obituaries""], ""title_patterns"": [""all_caps_name""], ""content"": [""passed away""]}",obituaries,,
37c3c852-f438-40a8-ad68-206d17312106,b1400607-6663-452c-b9e5-5f89b0d68844,https://www.lakegazette.net/2025/08/29/obituaries/dwight-wayne-shuck/,DWIGHT WAYNE SHUCK,obituary,high,0.5,matched_obituary_signals,2025-09-27T01:32:46,2025-09-27a,Lake Gazette,Lake Gazette,Monroe City,Marion and Ralls,,2025-08-29T00:00:00,,,,all_caps_name,arrangements are under the direction; mass of christian burial; passed away; visitation,"{""url"": [""obituaries""], ""title_patterns"": [""all_caps_name""], ""content"": [""arrangements are under the direction"", ""mass of christian burial"", ""passed away"", ""visitation""]}",obituaries,,
9f46d5aa-326e-4b7d-a450-edaca4abd03c,df9edfad-5af3-4112-b682-c95fd74291f2,https://www.lakegazette.net/2025/08/29/obituaries/michael-john-hannan/,MICHAEL JOHN HANNAN,obituary,high,0.5,matched_obituary_signals,2025-09-27T01:32:46,2025-09-27a,Lake Gazette,Lake Gazette,Monroe City,Marion and Ralls,,2025-08-29T00:00:00,,,,all_caps_name,funeral service; funeral services; passed away,"{""url"": [""obituaries""], ""title_patterns"": [""all_caps_name""], ""content"": [""funeral service"", ""funeral services"", ""passed away""]}",obituaries,,
1f02ec8d-638f-45c6-a95f-18332bec272d,4cfcb445-708e-42e9-93ca-68a879a190c4,https://www.pikecountynews.com/2025/08/08/obituaries/marjorie-russell/,MARJORIE RUSSELL,obituary,high,0.5,matched_obituary_signals,2025-09-27T01:32:46,2025-09-27a,Pike County News/Bowling Green Times,Pike County News/Bowling Green Times,Bowling Green,Pike,,2025-08-08T00:00:00,,,,all_caps_name,passed away; survived by,"{""url"": [""obituaries""], ""title_patterns"": [""all_caps_name""], ""content"": [""passed away"", ""survived by""]}",obituaries,,
0070afe6-1e7e-48db-8f61-d848745049b3,30f62890-c515-48d8-9e5b-05b9fc8e0906,https://www.pikecountynews.com/2025/09/17/obituaries/dorothy-jane-brown-murray/,DOROTHY JANE BROWN,obituary,high,0.5,matched_obituary_signals,2025-09-27T01:32:46,2025-09-27a,Pike County News/Bowling Green Times,Pike County News/Bowling Green Times,Bowling Green,Pike,,2025-09-17T00:00:00,,,,all_caps_name,celebration of life; mass of christian burial; passed away; visitation; visitation will be,"{""url"": [""obituaries""], ""title_patterns"": [""all_caps_name""], ""content"": [""celebration of life"", ""mass of christian burial"", ""passed away"", ""visitation"", ""visitation will be""]}",obituaries,,
de346f6d-6f52-4d0b-84eb-1ae4381490e7,d112129f-6820-44fb-a3ee-d450015dd6b1,"https://buffaloreflex.com/stories/thomas-patrick-healey-obituary,76002",Thomas Patrick Healey Obituary,obituary,high,0.4166666666666667,matched_obituary_signals,2025-09-27T01:32:46,2025-09-27a,Buffalo Reflex,Buffalo Reflex,Buffalo,Dallas,,2025-09-10T00:00:00,,,,personal_name_title,,"{""title"": [""obituary""], ""url"": [""obituary""], ""title_patterns"": [""personal_name_title""]}",obituary,obituary,
82b90787-f3b4-43da-8cf5-1d00b593c579,7bdbd5e8-2bb8-4286-b595-c00392c5dfa8,"https://buffaloreflex.com/stories/larry-james-nicholson-obituary,76001",Larry James Nicholson Obituary,obituary,high,0.4166666666666667,matched_obituary_signals,2025-09-27T01:32:46,2025-09-27a,Buffalo Reflex,Buffalo Reflex,Buffalo,Dallas,,2025-09-10T00:00:00,,,,personal_name_title,,"{""title"": [""obituary""], ""url"": [""obituary""], ""title_patterns"": [""personal_name_title""]}",obituary,obituary,
91437a73-c844-4e13-a7a3-1b888083bdc7,e0e243d5-2a67-469c-8b1f-7e6b1a1a552f,"https://buffaloreflex.com/stories/emily-sue-doty-obituary,75997",Emily Sue Doty Obituary,obituary,high,0.4166666666666667,matched_obituary_signals,2025-09-27T01:32:46,2025-09-27a,Buffalo Reflex,Buffalo Reflex,Buffalo,Dallas,,2025-09-10T00:00:00,,,,personal_name_title,,"{""title"": [""obituary""], ""url"": [""obituary""], ""title_patterns"": [""personal_name_title""]}",obituary,obituary,
eef32eca-27f7-4e93-b41b-c39eb81d4498,e027e33c-7aa3-48f9-833f-7999f5ce08c0,"https://buffaloreflex.com/stories/ronald-e-whitney-obituary,75996",Ronald E. Whitney Obituary,obituary,high,0.4166666666666667,matched_obituary_signals,2025-09-27T01:32:46,2025-09-27a,Buffalo Reflex,Buffalo Reflex,Buffalo,Dallas,,2025-09-10T00:00:00,,,,personal_name_title,,"{""title"": [""obituary""], ""url"": [""obituary""], ""title_patterns"": [""personal_name_title""]}",obituary,obituary,
b23fa7d5-d968-4f1f-afa8-27b75dbc03bb,2623ae2f-e11c-4cae-b473-cbb7f07d0e6c,"https://buffaloreflex.com/stories/leuritta-rountree-obituary,75998",Leuritta Rountree Obituary,obituary,high,0.4166666666666667,matched_obituary_signals,2025-09-27T01:32:46,2025-09-27a,Buffalo Reflex,Buffalo Reflex,Buffalo,Dallas,,2025-09-10T00:00:00,,,,personal_name_title,,"{""title"": [""obituary""], ""url"": [""obituary""], ""title_patterns"": [""personal_name_title""]}",obituary,obituary,
8ec995c0-49ea-484c-bfa5-3db6afd3a401,d219e8a5-86d2-4374-9dd7-8e7a98b69b3e,"https://buffaloreflex.com/stories/roy-joseph-kellhofer-jr-obituary,76069","Roy Joseph Kellhofer, Jr. Obituary",obituary,high,0.4166666666666667,matched_obituary_signals,2025-09-27T01:32:46,2025-09-27a,Buffalo Reflex,Buffalo Reflex,Buffalo,Dallas,,2025-09-17T00:00:00,,,,personal_name_title,,"{""title"": [""obituary""], ""url"": [""obituary""], ""title_patterns"": [""personal_name_title""]}",obituary,obituary,
ff121e10-5e88-4677-b545-6f48ed98a78e,46fa3e22-e2e8-4acd-8540-09437692dfe5,"https://buffaloreflex.com/stories/bob-miller-obituary,76068",Bob Miller Obituary,obituary,high,0.4166666666666667,matched_obituary_signals,2025-09-27T01:32:46,2025-09-27a,Buffalo Reflex,Buffalo Reflex,Buffalo,Dallas,,2025-09-17T00:00:00,,,,personal_name_title,,"{""title"": [""obituary""], ""url"": [""obituary""], ""title_patterns"": [""personal_name_title""]}",obituary,obituary,
ed0f6dc1-b1b1-47e6-bd06-f7451cae546e,a209210a-9e2e-4ac7-a51a-d382d5644294,"https://buffaloreflex.com/stories/eunice-ann-meritt-obituary,76071",Eunice Ann Meritt Obituary,obituary,high,0.4166666666666667,matched_obituary_signals,2025-09-27T01:32:46,2025-09-27a,Buffalo Reflex,Buffalo Reflex,Buffalo,Dallas,,2025-09-17T00:00:00,,,,personal_name_title,,"{""title"": [""obituary""], ""url"": [""obituary""], ""title_patterns"": [""personal_name_title""]}",obituary,obituary,
0aba60b1-22ce-4197-9b26-ff550101b008,03ee3ad5-fae1-45bf-a86a-d0510f05f17d,"https://mexicoledger.com/stories/wesley-allen-cloven,130245",Wesley Allen Cloven,obituary,high,0.4166666666666667,matched_obituary_signals,2025-09-27T01:32:46,2025-09-27a,The Mexico Ledger,The Mexico Ledger,Mexico,Audrain,,2025-09-11T00:00:00,,,,personal_name_title,celebration of life; passed away; survived by,"{""meta_description"": [""celebration of life""], ""title_patterns"": [""personal_name_title""], ""content"": [""celebration of life"", ""passed away"", ""survived by""]}",,,celebration of life
585fc947-3403-476e-a50a-bf1055e857c8,b18d1967-9f85-4651-93b1-d963366edb59,https://www.northcassherald.com/post/todd-albert-hamilton,Todd Albert Hamilton,obituary,high,0.3333333333333333,matched_obituary_signals,2025-09-27T01:32:46,2025-09-27a,Cass County News/The North Cass Herald,Cass County News/The North Cass Herald,Belton,Cass,,2025-08-17T23:28:37.910000+00:00,,,,personal_name_title,passed away,"{""title_patterns"": [""personal_name_title""], ""content"": [""passed away""]}",,,
d4197c63-3d53-40f9-a2dc-e6b4b853a280,357f2b17-b5ea-40cc-a1b3-e2f208cf8038,https://www.cassville-democrat.com/2025/09/17/thomas-james-seitz/,Thomas James Seitz,obituary,high,0.3333333333333333,matched_obituary_signals,2025-09-27T01:32:46,2025-09-27a,Cassville Democrat,Cassville Democrat,Cassville,Barry,,2025-09-17T00:00:00,,,,personal_name_title,passed away,"{""title_patterns"": [""personal_name_title""], ""content"": [""passed away""]}",,,
39b23fdf-b99e-4a50-87c1-d0f7c7676b61,e8bb92ff-cb76-4c3b-b9ed-29b7e1a1544f,https://www.cassville-democrat.com/2025/09/17/carl-gene-moore/,Cassville Democrat,obituary,high,0.3333333333333333,matched_obituary_signals,2025-09-27T01:32:46,2025-09-27a,Cassville Democrat,Cassville Democrat,Cassville,Barry,,2025-09-17T00:00:00,,,,personal_name_title,passed away,"{""title_patterns"": [""personal_name_title""], ""content"": [""passed away""]}",,,
e5b1a149-99b6-480b-8dd5-e38f836c8a89,f8997707-76f4-4374-bf26-e279a515cfad,https://www.cassville-democrat.com/2025/09/17/franklin-eugene-frank-gilmore/,Franklin Eugene “Frank” Gilmore,obituary,high,0.3333333333333333,matched_obituary_signals,2025-09-27T01:32:46,2025-09-27a,Cassville Democrat,Cassville Democrat,Cassville,Barry,,2025-09-17T00:00:00,,,,personal_name_title,passed away,"{""title_patterns"": [""personal_name_title""], ""content"": [""passed away""]}",,,
b371e518-1569-41b2-aa29-06d555b22252,b01f37d2-02ae-4478-87a2-b59aa8d031dc,https://www.cassville-democrat.com/2025/09/17/david-wayne-clark-jr/,"David Wayne Clark, Jr.",obituary,high,0.3333333333333333,matched_obituary_signals,2025-09-27T01:32:46,2025-09-27a,Cassville Democrat,Cassville Democrat,Cassville,Barry,,2025-09-17T00:00:00,,,,personal_name_title,passed away,"{""title_patterns"": [""personal_name_title""], ""content"": [""passed away""]}",,,
993a08ae-ffd7-4697-96b5-3e45accb6577,12229152-4c9c-4a80-b60b-774e56460fed,https://www.cassville-democrat.com/2025/09/17/greg-chandler/,Cassville Democrat,obituary,high,0.3333333333333333,matched_obituary_signals,2025-09-27T01:32:46,2025-09-27a,Cassville Democrat,Cassville Democrat,Cassville,Barry,,2025-09-17T00:00:00,,,,personal_name_title,passed away,"{""title_patterns"": [""personal_name_title""], ""content"": [""passed away""]}",,,
36ac0437-5d71-4d7e-9ff1-154b91e1a959,43ce074f-60f5-4ef5-8204-2ecb3a5636c8,https://www.cassville-democrat.com/2025/09/17/randy-lynn-hall/,Cassville Democrat,obituary,high,0.3333333333333333,matched_obituary_signals,2025-09-27T01:32:46,2025-09-27a,Cassville Democrat,Cassville Democrat,Cassville,Barry,,2025-09-17T00:00:00,,,,personal_name_title,passed away,"{""title_patterns"": [""personal_name_title""], ""content"": [""passed away""]}",,,
89c0fcd7-49cf-471c-9eca-512f10766e2b,9dc1ed8f-c071-4564-a664-a339c2384cac,https://www.cassville-democrat.com/2025/09/17/billy-joe-bijou-gracy-sr/,"Billy Joe “Bijou” Gracy, Sr.",obituary,high,0.3333333333333333,matched_obituary_signals,2025-09-27T01:32:46,2025-09-27a,Cassville Democrat,Cassville Democrat,Cassville,Barry,,2025-09-17T00:00:00,,,,personal_name_title,passed away,"{""title_patterns"": [""personal_name_title""], ""content"": [""passed away""]}",,,
24435ad6-33cb-4ab5-9cb8-b9abeb4c3b2b,87ea9be3-bd0d-483a-ac7d-57df0dc51786,https://dailyjournalonline.com/2025/09/18/eldon-dwain-stub-barnes/,Eldon Dwain ‘Stub’ Barnes,obituary,high,0.3333333333333333,matched_obituary_signals,2025-09-27T01:32:46,2025-09-27a,"Daily Journal, Park Hills","Daily Journal, Park Hills",Park Hills,St. Francois,,2025-09-18T00:00:00,,,,personal_name_title,passed away; survived by,"{""title_patterns"": [""personal_name_title""], ""content"": [""passed away"", ""survived by""]}",,,
5def8e28-b1bf-4fad-8f9b-b9e00559ff80,af41d960-5103-4307-9526-fecd8687541f,https://www.douglascountyherald.com/2025/02/28/lyle-james-rowe/,Lyle James Rowe,obituary,high,0.3333333333333333,matched_obituary_signals,2025-09-27T01:32:46,2025-09-27a,Douglas County Herald,Douglas County Herald,Ava,Douglas,,2025-02-28T00:00:00,,,,personal_name_title,passed away; survived by,"{""title_patterns"": [""personal_name_title""], ""content"": [""passed away"", ""survived by""]}",,,
907e1c4f-9d1a-403b-bc0d-b10e1c9cf16c,5a2f9dd7-f028-4187-9c75-cee84f152a57,https://www.douglascountyherald.com/2025/03/06/moe-melton/,Moe Melton,obituary,high,0.3333333333333333,matched_obituary_signals,2025-09-27T01:32:46,2025-09-27a,Douglas County Herald,Douglas County Herald,Ava,Douglas,,2025-03-06T00:00:00,,,,personal_name_title,passed away,"{""title_patterns"": [""personal_name_title""], ""content"": [""passed away""]}",,,
e83ebb76-e5c4-44b6-be29-570491dbeb98,8310c431-67c8-49f0-bfab-dac1c6220f18,https://www.douglascountyherald.com/2025/03/06/wanda-j-bilyeu/,Wanda J. Bilyeu,obituary,high,0.3333333333333333,matched_obituary_signals,2025-09-27T01:32:46,2025-09-27a,Douglas County Herald,Douglas County Herald,Ava,Douglas,,2025-03-06T00:00:00,,,,personal_name_title,passed away,"{""title_patterns"": [""personal_name_title""], ""content"": [""passed away""]}",,,
4433c830-6fc2-402b-a98a-38d06458819e,658f0126-2bc4-47ff-aa04-7c26cac0becc,https://www.douglascountyherald.com/2025/03/06/patricia-sue-hodges/,Patricia Sue Hodges,obituary,high,0.3333333333333333,matched_obituary_signals,2025-09-27T01:32:46,2025-09-27a,Douglas County Herald,Douglas County Herald,Ava,Douglas,,2025-03-06T00:00:00,,,,personal_name_title,passed away,"{""title_patterns"": [""personal_name_title""], ""content"": [""passed away""]}",,,
47208107-23dd-4fa0-a649-869838f0c17b,3d0a5546-02b2-4ef6-9cb3-74f53fc8e35d,https://www.douglascountyherald.com/2025/03/06/hase-dude-tetrick/,Hase “Dude” Tetrick,obituary,high,0.3333333333333333,matched_obituary_signals,2025-09-27T01:32:46,2025-09-27a,Douglas County Herald,Douglas County Herald,Ava,Douglas,,2025-03-06T00:00:00,,,,personal_name_title,passed away,"{""title_patterns"": [""personal_name_title""], ""content"": [""passed away""]}",,,
5752f922-3fdc-4803-a487-2cdb09ffce6a,7e6753a3-1c9b-4ef9-87cb-5c53c0e5e3e5,https://www.douglascountyherald.com/2025/03/14/luther-van-curtis/,Luther Van Curtis,obituary,high,0.3333333333333333,matched_obituary_signals,2025-09-27T01:32:46,2025-09-27a,Douglas County Herald,Douglas County Herald,Ava,Douglas,,2025-03-14T00:00:00,,,,personal_name_title,passed away,"{""title_patterns"": [""personal_name_title""], ""content"": [""passed away""]}",,,
20824eda-3cef-47ff-ab97-d05a70aa3ab9,d04bd9c1-810a-4f5c-a64a-5a688e9ac74e,https://www.douglascountyherald.com/2025/08/22/david-davidson/,David Davidson,obituary,high,0.3333333333333333,matched_obituary_signals,2025-09-27T01:32:46,2025-09-27a,Douglas County Herald,Douglas County Herald,Ava,Douglas,,2025-08-22T00:00:00,,,,personal_name_title,passed away; survived by,"{""title_patterns"": [""personal_name_title""], ""content"": [""passed away"", ""survived by""]}",,,
c0187b47-a470-4eaa-94bf-6ee0b9740155,a49423cf-33fe-40b2-8027-0868be74ba66,https://www.douglascountyherald.com/2025/08/22/randy-wayne-boone-hodges/,Randy Wayne “Boone” Hodges,obituary,high,0.3333333333333333,matched_obituary_signals,2025-09-27T01:32:46,2025-09-27a,Douglas County Herald,Douglas County Herald,Ava,Douglas,,2025-08-22T00:00:00,,,,personal_name_title,passed away,"{""title_patterns"": [""personal_name_title""], ""content"": [""passed away""]}",,,
de614305-e5fc-4ce3-8ac9-0f241409590c,2dae05f8-3803-4c98-acf7-4e64311f4451,"https://www.kirksvilledailyexpress.com/stories/obituary-betty-ruth-king-munn,27178",OBITUARY: Betty Ruth (King) Munn,obituary,high,0.3333333333333333,matched_obituary_signals,2025-09-27T01:32:46,2025-09-27a,Kirksville Daily Express,Kirksville Daily Express,Kirskville,Adair,,2025-09-11T00:00:00,,,,,,"{""title"": [""obituary""], ""url"": [""obituary""]}",obituary,obituary,
a12f8512-047b-4c17-ac2b-421ebf1501ee,f9a95772-f01f-4815-9516-ed44ca2da2aa,"https://www.kirksvilledailyexpress.com/stories/obituary-herman-eugene-truitt,27202",OBITUARY: Herman Eugene Truitt,obituary,high,0.3333333333333333,matched_obituary_signals,2025-09-27T01:32:46,2025-09-27a,Kirksville Daily Express,Kirksville Daily Express,Kirskville,Adair,,2025-09-15T00:00:00,,,,,,"{""title"": [""obituary""], ""url"": [""obituary""]}",obituary,obituary,
5738547a-401f-4c7a-b55d-3bd0bd62e89d,035fff56-4601-4024-b9f2-8d31416b8a01,https://www.memphisdemocrat.com/2025/09/17/jeanne-diane-vermazen/,JEANNE DIANE VERMAZEN,obituary,high,0.3333333333333333,matched_obituary_signals,2025-09-27T01:32:46,2025-09-27a,Memphis Democrat,Memphis Democrat,Memphis,Scotland,,2025-09-17T00:00:00,,,,all_caps_name,survived by,"{""title_patterns"": [""all_caps_name""], ""content"": [""survived by""]}",,,
9edbe615-ea33-4fcd-ac59-efc52147101e,a4c395e0-16a2-4b46-a719-64af6fcad2d1,https://www.memphisdemocrat.com/2025/09/17/charles-steven-elder-steve/,Charles Steven Elder “Steve”,obituary,high,0.3333333333333333,matched_obituary_signals,2025-09-27T01:32:46,2025-09-27a,Memphis Democrat,Memphis Democrat,Memphis,Scotland,,2025-09-17T00:00:00,,,,personal_name_title,passed away,"{""title_patterns"": [""personal_name_title""], ""content"": [""passed away""]}",,,
47b2ce3b-421b-4dbb-88fb-0ca48f97b93c,e959522f-9dac-4e82-9ac5-6398cc4428db,"https://www.mystandardnews.com/stories/betty-hollensteiner,124132",Betty Hollensteiner,obituary,high,0.3333333333333333,matched_obituary_signals,2025-09-27T01:32:46,2025-09-27a,Montgomery Standard,Montgomery Standard,Montgomery City,Montgomery,,2025-09-11T00:00:00,,,,personal_name_title,passed away,"{""title_patterns"": [""personal_name_title""], ""content"": [""passed away""]}",,,
9f3034b5-d00d-4a29-ba7e-aba5769b84c3,9ec9769d-ebc2-4d73-8dec-19dc8968a77c,"https://www.mystandardnews.com/stories/juanita-bylo,124131",Montgomery Standard,obituary,high,0.3333333333333333,matched_obituary_signals,2025-09-27T01:32:46,2025-09-27a,Montgomery Standard,Montgomery Standard,Montgomery City,Montgomery,,2025-09-11T00:00:00,,,,personal_name_title,passed away,"{""title_patterns"": [""personal_name_title""], ""content"": [""passed away""]}",,,
12fd5842-e836-4b2c-8f30-dade063d272f,7f1ecb5b-4afb-47f7-9d81-5b18a182d2e5,"https://www.mystandardnews.com/stories/ken-holden,124895",Montgomery Standard,obituary,high,0.3333333333333333,matched_obituary_signals,2025-09-27T01:32:46,2025-09-27a,Montgomery Standard,Montgomery Standard,Montgomery City,Montgomery,,2025-09-16T00:00:00,,,,personal_name_title,memorial service; passed away,"{""title_patterns"": [""personal_name_title""], ""content"": [""memorial service"", ""passed away""]}",,,
af2f8bd8-cb2c-4e2c-806c-0cd58b5bee43,48b7e786-ae3c-4ea8-95a8-cdcb41920cff,https://www.palmyra-spectator.com/2025/08/25/randy-tallman/,Randy Tallman,obituary,high,0.3333333333333333,matched_obituary_signals,2025-09-27T01:32:46,2025-09-27a,Palmyra Spectator,Palmyra Spectator,Palmyra,Marion,,2025-08-25T00:00:00,,,,personal_name_title,arrangements are under the direction; obituaries; passed away,"{""title_patterns"": [""personal_name_title""], ""content"": [""arrangements are under the direction"", ""obituaries"", ""passed away""]}",,,
19a65560-ba07-4012-9be4-67b23da4cb1e,2414c8ef-f93c-4a77-9a6b-d062cf15b921,https://www.palmyra-spectator.com/2025/09/03/alan-k-toliver/,Alan K. Toliver,obituary,high,0.3333333333333333,matched_obituary_signals,2025-09-27T01:32:46,2025-09-27a,Palmyra Spectator,Palmyra Spectator,Palmyra,Marion,,2025-09-03T00:00:00,,,,personal_name_title,arrangements are under the direction; funeral service; funeral services; visitation,"{""title_patterns"": [""personal_name_title""], ""content"": [""arrangements are under the direction"", ""funeral service"", ""funeral services"", ""visitation""]}",,,
c0ceb989-bd6c-4f82-b8e3-47712a54f102,a83aff33-d473-4f5a-a96b-37a88d1398f1,https://www.palmyra-spectator.com/2025/09/03/kimberly-ann-lackey/,Kimberly Ann Lackey,obituary,high,0.3333333333333333,matched_obituary_signals,2025-09-27T01:32:46,2025-09-27a,Palmyra Spectator,Palmyra Spectator,Palmyra,Marion,,2025-09-03T00:00:00,,,,personal_name_title,arrangements are under the direction; funeral service; funeral services; passed away; visitation,"{""title_patterns"": [""personal_name_title""], ""content"": [""arrangements are under the direction"", ""funeral service"", ""funeral services"", ""passed away"", ""visitation""]}",,,
84001b4e-2eee-47d8-bc50-9efbb3c0bc04,c94cbb9e-969d-45e2-b8c8-30518480c559,"https://republicmonitor.com/stories/larry-w-mohney,147097",Perryville Republic Monitor,obituary,high,0.3333333333333333,matched_obituary_signals,2025-09-27T01:32:46,2025-09-27a,Perryville Republic Monitor,Perryville Republic Monitor,Republic,Greene,,2025-09-18T00:00:00,,,,personal_name_title,celebration of life; visitation,"{""title_patterns"": [""personal_name_title""], ""content"": [""celebration of life"", ""visitation""]}",,,
5d8c5c77-fbec-43ae-bbf9-a2651e0bd3b6,9a9bad8f-5a9a-4fe3-8aae-1c27343d60d6,https://www.pikecountynews.com/2025/07/25/obituaries/gene-williams/,Pike County News,obituary,high,0.3333333333333333,matched_obituary_signals,2025-09-27T01:32:46,2025-09-27a,Pike County News/Bowling Green Times,Pike County News/Bowling Green Times,Bowling Green,Pike,,2025-07-25T00:00:00,,,,,arrangements for; cremation; passed away,"{""url"": [""obituaries""], ""content"": [""arrangements for"", ""cremation"", ""passed away""]}",obituaries,,
9ae413b3-7a8d-4df0-960f-fb0666b8f6e8,80821840-1e4a-4655-a012-9efa3b62cbc9,https://www.pikecountynews.com/2025/07/29/obituaries/wayne-young/,Pike County News,obituary,high,0.3333333333333333,matched_obituary_signals,2025-09-27T01:32:46,2025-09-27a,Pike County News/Bowling Green Times,Pike County News/Bowling Green Times,Bowling Green,Pike,,2025-07-29T00:00:00,,,,,funeral service; funeral services; passed away; visitation; visitation will be,"{""url"": [""obituaries""], ""content"": [""funeral service"", ""funeral services"", ""passed away"", ""visitation"", ""visitation will be""]}",obituaries,,
619ac496-864e-4c99-92b4-26332f8c0dc3,1e8c1c8b-9660-488c-9dc6-a1ef44ef260b,https://www.pikecountynews.com/2025/08/29/obituaries/juanita-dietle/,Pike County News,obituary,high,0.3333333333333333,matched_obituary_signals,2025-09-27T01:32:46,2025-09-27a,Pike County News/Bowling Green Times,Pike County News/Bowling Green Times,Bowling Green,Pike,,2025-08-29T00:00:00,,,,,passed away,"{""url"": [""obituaries""], ""content"": [""passed away""]}",obituaries,,
496caed1-2993-4636-a6be-f066800d56f0,1a0631bb-bb39-4bdc-9eb7-c8e1236ad064,https://lewispnj.com/articles/9187/view/timothy-russell-glasgow,TIMOTHY RUSSELL GLASGOW,obituary,high,0.3333333333333333,matched_obituary_signals,2025-09-27T01:32:46,2025-09-27a,Press News Journal,Press News Journal,Canton,Lewis,,,,,,all_caps_name,passed away; survived by,"{""title_patterns"": [""all_caps_name""], ""content"": [""passed away"", ""survived by""]}",,,
5f61cd74-0815-405c-8737-0b5e496922f4,fd8d0423-645d-4974-bb62-5409744e2e73,https://lewispnj.com/articles/9175/view/mary-sissy-shuman,MARY SISSY SHUMAN,obituary,high,0.3333333333333333,matched_obituary_signals,2025-09-27T01:32:46,2025-09-27a,Press News Journal,Press News Journal,Canton,Lewis,,,,,,all_caps_name,survived by,"{""title_patterns"": [""all_caps_name""], ""content"": [""survived by""]}",,,
7e8329d0-3a73-4588-a363-976c7a2ea1fc,d5280ae9-4840-4f2a-80c9-64f7d723efff,https://www.shelbycountyherald.com/2025/04/08/jack-shale-wood/,Jack Shale Wood,obituary,high,0.3333333333333333,matched_obituary_signals,2025-09-27T01:32:46,2025-09-27a,Shelby County Herald,Shelby County Herald,Shelbyville,Shelby,,2025-04-08T00:00:00,,,,personal_name_title,passed away; survived by,"{""title_patterns"": [""personal_name_title""], ""content"": [""passed away"", ""survived by""]}",,,
1964faf9-56b6-4c93-bfe4-0865a2ade3f0,e787fad7-d4d9-4166-8a88-e073cbfe3d45,https://www.stegenherald.com/2025/09/04/harry-j-mooney/,Harry J. Mooney,obituary,high,0.3333333333333333,matched_obituary_signals,2025-09-27T01:32:46,2025-09-27a,Ste. Genevieve Herald,Ste. Genevieve Herald,Sainte Genevieve,Ste. Genevieve,,2025-09-04T00:00:00,,,,personal_name_title,survived by,"{""title_patterns"": [""personal_name_title""], ""content"": [""survived by""]}",,,
ce44f8ed-894e-4743-ab44-ffb01c267a63,b4e70eed-c688-433d-9716-d16c650d58bf,https://www.stegenherald.com/2025/09/10/judy-stange/,Judy Stange,obituary,high,0.3333333333333333,matched_obituary_signals,2025-09-27T01:32:46,2025-09-27a,Ste. Genevieve Herald,Ste. Genevieve Herald,Sainte Genevieve,Ste. Genevieve,,2025-09-10T00:00:00,,,,personal_name_title,survived by; visitation; visitation will be,"{""title_patterns"": [""personal_name_title""], ""content"": [""survived by"", ""visitation"", ""visitation will be""]}",,,
df52101d-7892-4bff-82cc-3acc7c610117,61ec8bfb-1c51-4243-8481-266abacb5ce0,https://www.stegenherald.com/2025/09/10/carol-b-helm/,Carol B Helm,obituary,high,0.3333333333333333,matched_obituary_signals,2025-09-27T01:32:46,2025-09-27a,Ste. Genevieve Herald,Ste. Genevieve Herald,Sainte Genevieve,Ste. Genevieve,,2025-09-10T00:00:00,,,,personal_name_title,survived by,"{""title_patterns"": [""personal_name_title""], ""content"": [""survived by""]}",,,
c2a42ec1-b583-41df-be3e-2ceb1290a894,08dd8bb5-4af1-40d7-94db-ec92495ed63d,https://www.stegenherald.com/2025/09/10/louise-d-schilli-schmidt/,Louise D. (Schilli) Schmidt,obituary,high,0.3333333333333333,matched_obituary_signals,2025-09-27T01:32:46,2025-09-27a,Ste. Genevieve Herald,Ste. Genevieve Herald,Sainte Genevieve,Ste. Genevieve,,2025-09-10T00:00:00,,,,personal_name_title,passed away,"{""title_patterns"": [""personal_name_title""], ""content"": [""passed away""]}",,,
eb806426-dddf-4924-874e-55ab7c57246d,42410a2f-9b0f-4342-9bf3-fc0d0122f177,https://www.stegenherald.com/2025/09/10/michael-womack/,Michael  Womack,obituary,high,0.3333333333333333,matched_obituary_signals,2025-09-27T01:32:46,2025-09-27a,Ste. Genevieve Herald,Ste. Genevieve Herald,Sainte Genevieve,Ste. Genevieve,,2025-09-10T00:00:00,,,,personal_name_title,survived by; visitation; visitation will be,"{""title_patterns"": [""personal_name_title""], ""content"": [""survived by"", ""visitation"", ""visitation will be""]}",,,
712d9c96-bc82-45dd-8e4c-f89d409f3de4,75907b18-e4fa-4d1b-ac7f-96844a3016ba,https://www.edinasentinel.com/2025/09/17/cheryl-renee-cook/,CHERYL RENEE COOK,obituary,high,0.3333333333333333,matched_obituary_signals,2025-09-27T01:32:46,2025-09-27a,The Edina Sentinel,The Edina Sentinel,Edina,Knox,,2025-09-17T00:00:00,,,,all_caps_name,passed away; survived by,"{""title_patterns"": [""all_caps_name""], ""content"": [""passed away"", ""survived by""]}",,,
a51931f4-41aa-4928-97d7-c16f4e928800,49d9feaa-56c3-4b93-a083-47ccb19b4bd7,https://www.edinasentinel.com/2025/09/17/lowella-verne-marble/,LOWELLA VERNE MARBLE,obituary,high,0.3333333333333333,matched_obituary_signals,2025-09-27T01:32:46,2025-09-27a,The Edina Sentinel,The Edina Sentinel,Edina,Knox,,2025-09-17T00:00:00,,,,all_caps_name,passed away,"{""title_patterns"": [""all_caps_name""], ""content"": [""passed away""]}",,,
83fd2bb0-6e49-4e12-801d-1cbe8b93a214,8adfed5c-0d49-4fe0-b821-1e269c87f96a,https://www.edinasentinel.com/2025/09/17/robert-lester-fleak/,ROBERT LESTER FLEAK,obituary,high,0.3333333333333333,matched_obituary_signals,2025-09-27T01:32:46,2025-09-27a,The Edina Sentinel,The Edina Sentinel,Edina,Knox,,2025-09-17T00:00:00,,,,all_caps_name,passed away,"{""title_patterns"": [""all_caps_name""], ""content"": [""passed away""]}",,,
a3366f30-b202-455a-a6cb-25c4cc9fc54b,8f47a0ce-d2e8-4e22-b9d8-ba4d3e8f940c,https://www.edinasentinel.com/2025/09/17/roberta-mary-destefano/,ROBERTA MARY DESTEFANO,obituary,high,0.3333333333333333,matched_obituary_signals,2025-09-27T01:32:46,2025-09-27a,The Edina Sentinel,The Edina Sentinel,Edina,Knox,,2025-09-17T00:00:00,,,,all_caps_name,passed away,"{""title_patterns"": [""all_caps_name""], ""content"": [""passed away""]}",,,
4a41a322-4378-440b-99b1-c591d6180099,c532a61c-b8fb-435e-8304-f9409ed33aa9,https://www.edinasentinel.com/2025/09/17/edith-ann-annie-fisher/,EDITH ANN “ANNIE” FISHER,obituary,high,0.3333333333333333,matched_obituary_signals,2025-09-27T01:32:46,2025-09-27a,The Edina Sentinel,The Edina Sentinel,Edina,Knox,,2025-09-17T00:00:00,,,,all_caps_name,passed away,"{""title_patterns"": [""all_caps_name""], ""content"": [""passed away""]}",,,
d2247764-66f7-4a30-87ab-d9c507081fb2,07268303-7bf5-4b29-a2c5-60871b716c09,https://www.hermannadvertisercourier.com/2025/07/18/rudolph-channing-baker/,Hermann Advertiser Courier,obituary,high,0.3333333333333333,matched_obituary_signals,2025-09-27T01:32:46,2025-09-27a,The Hermann Advertiser Courier,The Hermann Advertiser Courier,Hermann,Gasconade,,2025-07-18T00:00:00,,,,personal_name_title,passed away,"{""title_patterns"": [""personal_name_title""], ""content"": [""passed away""]}",,,
9a135e3b-6ef6-42d1-8b1d-1afe51deff10,61e9847c-553f-4247-99f1-c5ddb26ceed5,https://www.hermannadvertisercourier.com/2025/07/23/kenneth-karl-kottwitz/,Hermann Advertiser Courier,obituary,high,0.3333333333333333,matched_obituary_signals,2025-09-27T01:32:46,2025-09-27a,The Hermann Advertiser Courier,The Hermann Advertiser Courier,Hermann,Gasconade,,2025-07-23T00:00:00,,,,personal_name_title,passed away,"{""title_patterns"": [""personal_name_title""], ""content"": [""passed away""]}",,,
ace08a1e-1a1f-4dcd-b945-70b27bf5a5ff,1c87e445-11c8-4607-b81c-7a93cfdf9aaa,https://www.hermannadvertisercourier.com/2025/07/23/diane-marie-poor/,Hermann Advertiser Courier,obituary,high,0.3333333333333333,matched_obituary_signals,2025-09-27T01:32:46,2025-09-27a,The Hermann Advertiser Courier,The Hermann Advertiser Courier,Hermann,Gasconade,,2025-07-23T00:00:00,,,,personal_name_title,passed away,"{""title_patterns"": [""personal_name_title""], ""content"": [""passed away""]}",,,
bb8bd599-5010-4a6d-87b5-b44d86b967dd,8989c39b-5c62-42df-987d-0714c145bb73,https://www.hermannadvertisercourier.com/2025/08/14/john-richard-lenger/,Hermann Advertiser Courier,obituary,high,0.3333333333333333,matched_obituary_signals,2025-09-27T01:32:46,2025-09-27a,The Hermann Advertiser Courier,The Hermann Advertiser Courier,Hermann,Gasconade,,2025-08-14T00:00:00,,,,personal_name_title,passed away,"{""title_patterns"": [""personal_name_title""], ""content"": [""passed away""]}",,,
1c0b84d5-3a28-4a6c-8f2c-bc1447f7597a,a41806a5-b880-402d-9334-e49fb8d8a39b,https://www.hermannadvertisercourier.com/2025/08/25/darryl-paul-heck/,Hermann Advertiser Courier,obituary,high,0.3333333333333333,matched_obituary_signals,2025-09-27T01:32:46,2025-09-27a,The Hermann Advertiser Courier,The Hermann Advertiser Courier,Hermann,Gasconade,,2025-08-25T00:00:00,,,,personal_name_title,passed away; survived by,"{""title_patterns"": [""personal_name_title""], ""content"": [""passed away"", ""survived by""]}",,,
f2b7288b-224d-4d8b-b170-e378b67f59ca,a644e41d-34c3-4b8d-bc99-d2027b2490f1,"https://www.laclederecord.com/stories/danny-joe-hammock,147871",Danny Joe Hammock,obituary,high,0.3333333333333333,matched_obituary_signals,2025-09-27T01:32:46,2025-09-27a,The Lebanon/LaClede Daily Record,The Lebanon/LaClede Daily Record,Lebanon,Laclede,,2025-09-19T00:00:00,,,,personal_name_title,funeral service; funeral services; passed away; survived by,"{""title_patterns"": [""personal_name_title""], ""content"": [""funeral service"", ""funeral services"", ""passed away"", ""survived by""]}",,,
e1a29377-992c-46be-8058-1ecde763a998,23e25a50-9314-44e7-8188-a6f96e6ac4af,"https://www.laclederecord.com/stories/matthew-jacob-ferreri,147870",Matthew Jacob Ferreri,obituary,high,0.3333333333333333,matched_obituary_signals,2025-09-27T01:32:46,2025-09-27a,The Lebanon/LaClede Daily Record,The Lebanon/LaClede Daily Record,Lebanon,Laclede,,2025-09-19T00:00:00,,,,personal_name_title,funeral service; funeral services; visitation; visitation will be,"{""title_patterns"": [""personal_name_title""], ""content"": [""funeral service"", ""funeral services"", ""visitation"", ""visitation will be""]}",,,
8ce67aa9-b6eb-4fac-8930-6a071338e53c,5eeb9fed-759d-46ee-9337-610f09cbbaf9,"https://www.laclederecord.com/stories/eldon-roy-greer,147869",Eldon Roy Greer,obituary,high,0.3333333333333333,matched_obituary_signals,2025-09-27T01:32:46,2025-09-27a,The Lebanon/LaClede Daily Record,The Lebanon/LaClede Daily Record,Lebanon,Laclede,,2025-09-19T00:00:00,,,,personal_name_title,survived by,"{""title_patterns"": [""personal_name_title""], ""content"": [""survived by""]}",,,
b3427eec-96b8-4481-ab06-9bde3bf67791,b194792b-9ecb-4d18-83b4-47c0d0565401,"https://www.laclederecord.com/stories/beverly-virginia-merritt,147868",Beverly Virginia Merritt,obituary,high,0.3333333333333333,matched_obituary_signals,2025-09-27T01:32:46,2025-09-27a,The Lebanon/LaClede Daily Record,The Lebanon/LaClede Daily Record,Lebanon,Laclede,,2025-09-19T00:00:00,,,,personal_name_title,funeral service; funeral services; survived by; visitation; visitation will be,"{""title_patterns"": [""personal_name_title""], ""content"": [""funeral service"", ""funeral services"", ""survived by"", ""visitation"", ""visitation will be""]}",,,
b2e2d8e1-f5dd-466d-974a-a40d5c9c1d2a,df9c515e-aed3-4ef4-aacd-498cee6b01ab,"https://www.laclederecord.com/stories/orville-lee-jones,147867",Orville “Lee” Jones,obituary,high,0.3333333333333333,matched_obituary_signals,2025-09-27T01:32:46,2025-09-27a,The Lebanon/LaClede Daily Record,The Lebanon/LaClede Daily Record,Lebanon,Laclede,,2025-09-19T00:00:00,,,,personal_name_title,survived by,"{""title_patterns"": [""personal_name_title""], ""content"": [""survived by""]}",,,
292fb098-9202-4a73-a23d-e746905a2382,cc5375c0-e422-4da5-8246-cc58c4878a5b,https://www.kahokamedia.com/2025/09/17/billie-jean-pagel-barnes-wheeler/,BILLIE JEAN PAGEL BARNES-WHEELER,obituary,high,0.3333333333333333,matched_obituary_signals,2025-09-27T01:32:46,2025-09-27a,The Media,The Media,Kahoka,Clark,,2025-09-17T00:00:00,,,,all_caps_name,passed away,"{""title_patterns"": [""all_caps_name""], ""content"": [""passed away""]}",,,
ef167c2c-13ae-43b1-9080-8da1a5e29dee,deba0a53-4d6b-44d0-8de9-add577e8e183,https://www.kahokamedia.com/2025/09/17/paul-eugene-gutting/,PAUL EUGENE GUTTING,obituary,high,0.3333333333333333,matched_obituary_signals,2025-09-27T01:32:46,2025-09-27a,The Media,The Media,Kahoka,Clark,,2025-09-17T00:00:00,,,,all_caps_name,passed away,"{""title_patterns"": [""all_caps_name""], ""content"": [""passed away""]}",,,
dc9714ed-4b4a-4912-b0a9-5e188aa51da9,277c2a1c-8b01-4c66-a014-d22c6521cf67,https://www.kahokamedia.com/2025/09/17/charles-steven-elder-steve/,"CHARLES STEVEN ELDER, “STEVE”",obituary,high,0.3333333333333333,matched_obituary_signals,2025-09-27T01:32:46,2025-09-27a,The Media,The Media,Kahoka,Clark,,2025-09-17T00:00:00,,,,all_caps_name,passed away,"{""title_patterns"": [""all_caps_name""], ""content"": [""passed away""]}",,,
c01f1185-33b8-40ef-a723-79802ae37445,66aeddd3-bc66-4c86-b464-f1492c26d1ef,https://www.kahokamedia.com/2025/09/17/dan-springer/,DAN SPRINGER,obituary,high,0.3333333333333333,matched_obituary_signals,2025-09-27T01:32:46,2025-09-27a,The Media,The Media,Kahoka,Clark,,2025-09-17T00:00:00,,,,all_caps_name,passed away,"{""title_patterns"": [""all_caps_name""], ""content"": [""passed away""]}",,,
f8af0858-199a-4dea-884a-2bcb9c23bac1,194c7b12-2e48-48b2-ad64-d57edb3ee329,"https://mexicoledger.com/stories/velda-louise-messick-conway,130419",Velda Louise Messick Conway,obituary,high,0.3333333333333333,matched_obituary_signals,2025-09-27T01:32:46,2025-09-27a,The Mexico Ledger,The Mexico Ledger,Mexico,Audrain,,2025-09-12T00:00:00,,,,personal_name_title,funeral service; funeral services; passed away; visitation; visitation will be,"{""title_patterns"": [""personal_name_title""], ""content"": [""funeral service"", ""funeral services"", ""passed away"", ""visitation"", ""visitation will be""]}",,,
dee3e2f7-8aa9-4b5e-9d7a-44d397622037,23c42fe5-936c-4859-bc8a-9b3018c947b7,"https://mexicoledger.com/stories/laura-carol-pitts,130418",Laura Carol Pitts,obituary,high,0.3333333333333333,matched_obituary_signals,2025-09-27T01:32:46,2025-09-27a,The Mexico Ledger,The Mexico Ledger,Mexico,Audrain,,2025-09-12T00:00:00,,,,personal_name_title,funeral service; funeral services; passed away; visitation; visitation will be,"{""title_patterns"": [""personal_name_title""], ""content"": [""funeral service"", ""funeral services"", ""passed away"", ""visitation"", ""visitation will be""]}",,,
810d738c-9e78-4df0-a355-6ae9f2a527c5,954e4300-97cf-4cc2-aeaa-cae59d94f61e,"https://mexicoledger.com/stories/carrol-lee-shepherd,131037",Carrol Lee Shepherd,obituary,high,0.3333333333333333,matched_obituary_signals,2025-09-27T01:32:46,2025-09-27a,The Mexico Ledger,The Mexico Ledger,Mexico,Audrain,,2025-09-16T00:00:00,,,,personal_name_title,survived by,"{""title_patterns"": [""personal_name_title""], ""content"": [""survived by""]}",,,
4a40b378-94ff-4742-acae-bd12550e68fb,514de660-f9c0-49b0-911b-bd6464ddf10c,https://www.themilanstandard.com/2025/09/10/roger-dean-cooper/,ROGER DEAN COOPER,obituary,high,0.3333333333333333,matched_obituary_signals,2025-09-27T01:32:46,2025-09-27a,The Milan Standard,The Milan Standard,Milan,Sullivan,,2025-09-10T00:00:00,,,,all_caps_name,passed away,"{""title_patterns"": [""all_caps_name""], ""content"": [""passed away""]}",,,
78c6d476-127e-4399-abb6-8f3b73d1a8e7,aa7707ce-0dc1-4fa1-a86c-ca781d6769b1,https://www.themilanstandard.com/2025/09/17/william-thomas-tom-sloan/,WILLIAM THOMAS (“TOM”) SLOAN,obituary,high,0.3333333333333333,matched_obituary_signals,2025-09-27T01:32:46,2025-09-27a,The Milan Standard,The Milan Standard,Milan,Sullivan,,2025-09-17T00:00:00,,,,all_caps_name,passed away; survived by,"{""title_patterns"": [""all_caps_name""], ""content"": [""passed away"", ""survived by""]}",,,
4bd1b7d9-6246-4fa3-8e0b-8f5dd03966b8,20b57129-98de-4b6e-a514-d36c86aa6e59,https://www.nevadadailymail.com/story/3064543.html,Terry Lee Hartline,obituary,high,0.3333333333333333,matched_obituary_signals,2025-09-27T01:32:46,2025-09-27a,The Nevada Daily Mail,The Nevada Daily Mail,Nevada,Vernon,,2025-09-09T00:00:00-05:00,,,,personal_name_title,passed away,"{""title_patterns"": [""personal_name_title""], ""content"": [""passed away""]}",,,
8aeb9cd2-e95f-4279-8a5e-13736a144e81,ec2858cb-03a5-4e30-8678-76150c2582a0,https://www.nevadadailymail.com/story/3064594.html,Justin Raymond Byram,obituary,high,0.3333333333333333,matched_obituary_signals,2025-09-27T01:32:46,2025-09-27a,The Nevada Daily Mail,The Nevada Daily Mail,Nevada,Vernon,,2025-09-12T00:00:00-05:00,,,,personal_name_title,passed away,"{""title_patterns"": [""personal_name_title""], ""content"": [""passed away""]}",,,
b71c88ea-7e81-4dcc-982e-35ba169aaeea,522ed1f9-a3c3-420b-9dce-7d9a7a412794,https://www.nevadadailymail.com/story/3064593.html,Obituary: Sherry Stark (9/12/25),obituary,high,0.3333333333333333,matched_obituary_signals,2025-09-27T01:32:46,2025-09-27a,The Nevada Daily Mail,The Nevada Daily Mail,Nevada,Vernon,,2025-09-12T00:00:00-05:00,,,,,obituary; passed away; survived by,"{""title"": [""obituary""], ""content"": [""obituary"", ""passed away"", ""survived by""]}",,obituary,
1e2c636f-34d5-4f9e-8527-a31a26e47b3c,ddf65598-d740-4570-8073-e1e17ad2557b,https://www.nevadadailymail.com/story/3064636.html,Janet Dale Connors,obituary,high,0.3333333333333333,matched_obituary_signals,2025-09-27T01:32:46,2025-09-27a,The Nevada Daily Mail,The Nevada Daily Mail,Nevada,Vernon,,2025-09-16T00:00:00-05:00,,,,personal_name_title,passed away,"{""title_patterns"": [""personal_name_title""], ""content"": [""passed away""]}",,,
fa822e81-cc1b-43c9-908d-e9ab920dd172,35244d6f-9429-46a0-94ad-8d4b58402596,https://www.nevadadailymail.com/story/3064633.html,Lucille Charlotte Standley Daniels,obituary,high,0.3333333333333333,matched_obituary_signals,2025-09-27T01:32:46,2025-09-27a,The Nevada Daily Mail,The Nevada Daily Mail,Nevada,Vernon,,2025-09-16T00:00:00-05:00,,,,personal_name_title,passed away; survived by,"{""title_patterns"": [""personal_name_title""], ""content"": [""passed away"", ""survived by""]}",,,
13fae65b-6712-419f-bcb3-87f3754ec495,5150e2e2-e45e-4582-9419-48f628376588,https://www.nevadadailymail.com/story/3064705.html,Norma Nadine Bivin,obituary,high,0.3333333333333333,matched_obituary_signals,2025-09-27T01:32:46,2025-09-27a,The Nevada Daily Mail,The Nevada Daily Mail,Nevada,Vernon,,2025-09-20T00:00:00-05:00,,,,personal_name_title,passed away,"{""title_patterns"": [""personal_name_title""], ""content"": [""passed away""]}",,,
cf1682bc-32b5-4f39-b569-05bdfa82fef0,408e7d31-94ea-40d1-bece-4df3c99c10fc,https://www.vandalialeader.com/2025/05/19/carl-moore-jr/,"CARL MOORE, JR.",obituary,high,0.3333333333333333,matched_obituary_signals,2025-09-27T01:32:46,2025-09-27a,Vandalia Leader,Vandalia Leader,Vandalia,Audrain,,2025-05-19T00:00:00,,,,all_caps_name,funeral service; funeral services; passed away; visitation,"{""title_patterns"": [""all_caps_name""], ""content"": [""funeral service"", ""funeral services"", ""passed away"", ""visitation""]}",,,
30f076c7-d13a-43f0-abd1-778f1ea5420e,5eaffe88-f8fe-4b64-950d-5010542cab50,https://www.vandalialeader.com/2025/05/27/rebecca-spencer/,REBECCA SPENCER,obituary,high,0.3333333333333333,matched_obituary_signals,2025-09-27T01:32:46,2025-09-27a,Vandalia Leader,Vandalia Leader,Vandalia,Audrain,,2025-05-27T00:00:00,,,,all_caps_name,passed away,"{""title_patterns"": [""all_caps_name""], ""content"": [""passed away""]}",,,
e0f924c2-7b1d-4fd1-82a0-2500c1f88580,a902a4d1-fa36-4f4e-903a-7dd14db48339,https://www.vandalialeader.com/2025/07/14/dwaine-barnes/,Vandalia Leader,obituary,high,0.3333333333333333,matched_obituary_signals,2025-09-27T01:32:46,2025-09-27a,Vandalia Leader,Vandalia Leader,Vandalia,Audrain,,2025-07-14T00:00:00,,,,personal_name_title,passed away,"{""title_patterns"": [""personal_name_title""], ""content"": [""passed away""]}",,,
274bd5c4-dbbb-4fef-af4a-1c06a6655a91,11d8099b-5b7f-4c95-9e4b-45751afa64d4,https://www.vandalialeader.com/2025/08/08/ann-lewis/,Vandalia Leader,obituary,high,0.3333333333333333,matched_obituary_signals,2025-09-27T01:32:46,2025-09-27a,Vandalia Leader,Vandalia Leader,Vandalia,Audrain,,2025-08-08T00:00:00,,,,personal_name_title,arrangements for; cremation; passed away,"{""title_patterns"": [""personal_name_title""], ""content"": [""arrangements for"", ""cremation"", ""passed away""]}",,,
f25b5431-3ea1-466e-8972-c23130dc7889,c745a039-513e-4c9c-9766-c6be1c608c18,"https://www.warrencountyrecord.com/stories/lou-ronna-richardson,160727",Lou Ronna Richardson,obituary,high,0.3333333333333333,matched_obituary_signals,2025-09-27T01:32:46,2025-09-27a,Warren County Record,Warren County Record,Warrenton,Warren,,2025-09-17T00:00:00,,,,personal_name_title,passed away,"{""title_patterns"": [""personal_name_title""], ""content"": [""passed away""]}",,,
0106863d-10b7-44bd-8d8d-889538cd8c8c,3f239de7-cfb8-4794-b6dd-d04a0de52177,"https://www.warrencountyrecord.com/stories/albert-john-selby-v,161086","Albert John Selby, V",obituary,high,0.3333333333333333,matched_obituary_signals,2025-09-27T01:32:46,2025-09-27a,Warren County Record,Warren County Record,Warrenton,Warren,,2025-09-19T00:00:00,,,,personal_name_title,passed away,"{""title_patterns"": [""personal_name_title""], ""content"": [""passed away""]}",,,
55a429e1-ba49-43d8-89b9-50a1e0dc8d57,cd93f844-c6eb-45a3-a4f3-f0cd47639a04,"https://www.fayettenewspapers.com/stories/josh-kelley,156768",The Fayette Advertiser,obituary,high,0.3333333333333333,matched_obituary_signals,2025-09-27T01:32:46,2025-09-27a,Webster Kirkwood News,Webster Kirkwood News,Webster Groves,St. Louis,,2025-09-12T00:00:00,,,,personal_name_title,passed away,"{""title_patterns"": [""personal_name_title""], ""content"": [""passed away""]}",,,
33a92109-8cbe-44ab-9fa4-899d3f090288,7f2780a2-c29f-4518-b8a3-bbbc7f50ee0e,"https://www.fayettenewspapers.com/stories/dr-kathryn-taffy-wallace,157358",Dr. Kathryn (Taffy) Wallace,obituary,high,0.3333333333333333,matched_obituary_signals,2025-09-27T01:32:46,2025-09-27a,Webster Kirkwood News,Webster Kirkwood News,Webster Groves,St. Louis,,2025-09-16T00:00:00,,,,personal_name_title,passed away,"{""title_patterns"": [""personal_name_title""], ""content"": [""passed away""]}",,,
c40d3949-cfc6-48cc-bdd7-ca6165a2f86a,f42f1815-0dc2-49c3-8477-12509bab6b71,"https://www.fayettenewspapers.com/stories/lisa-gaye-solomon-shoemaker,157712",Lisa Gaye Solomon Shoemaker,obituary,high,0.3333333333333333,matched_obituary_signals,2025-09-27T01:32:46,2025-09-27a,Webster Kirkwood News,Webster Kirkwood News,Webster Groves,St. Louis,,2025-09-18T00:00:00,,,,personal_name_title,passed away,"{""title_patterns"": [""personal_name_title""], ""content"": [""passed away""]}",,,
a79cfe46-956b-4a5b-b344-d080a13a21de,af2bc2c0-99ad-47c7-9be5-c0455eaa1534,https://bocojo.com/obituaries/earl-dean-nance-nov-15-1944-aug-27-2025/?utm_source=rss&,"Earl Dean Nance, Nov. 15, 1944 — Aug. 27, 2025",obituary,medium,0.25,matched_obituary_signals,2025-09-27T01:32:46,2025-09-27a,Boone County Journal,Boone County Journal,Ashland,Boone,,1944-08-27T00:00:00,,,,life_year_span,,"{""url"": [""obituaries""], ""title_patterns"": [""life_year_span""]}",obituaries,,
de178599-78a9-42b8-9b2f-bdcb4884437c,07efbe1c-f845-4be8-b380-cf988fb226ad,https://bocojo.com/news/memorial-bench-honoring-crystal-branch-beloved-teacher-and-coach-installed-at-southern-boone-primary-school/?utm_source=rss&utm_medium=rss&utm_campaign=memorial-bench-honoring-crystal-branch-beloved-teacher-and-coach-installed-at-southern-boone-primary-school,"Memorial bench honoring Crystal Branch, beloved teacher and coach, installed at Southern Boone Primary School",obituary,medium,0.25,matched_obituary_signals,2025-09-27T01:32:46,2025-09-27a,Boone County Journal,Boone County Journal,Ashland,Boone,,2025-09-17T13:40:56-05:00,,,,,memorial service; obituary,"{""meta_description"": [""obituary""], ""content"": [""memorial service"", ""obituary""]}",,,obituary
537d0553-e6f3-4ac0-8be7-401515eb0fda,8cefa19d-facd-4119-b472-6d5058e3aaaf,https://bocojo.com/news/memorial-bench-honoring-crystal-branch-beloved-teacher-and-coach-installed-at-southern-boone-primary-school/,"Memorial bench honoring Crystal Branch, beloved teacher and coach, installed at Southern Boone Primary School",obituary,medium,0.25,matched_obituary_signals,2025-09-27T01:32:46,2025-09-27a,Boone County Journal,Boone County Journal,Ashland,Boone,,2025-09-17T13:40:56-05:00,,,,,memorial service; obituary,"{""meta_description"": [""obituary""], ""content"": [""memorial service"", ""obituary""]}",,,obituary
1be7d3ca-8be9-4cad-97fe-d99a6a4a06a2,e416fab2-501c-47d5-8246-c94658caea95,"https://buffaloreflex.com/stories/death-notices,76009",Buffalo Reflex,obituary,medium,0.25,matched_obituary_signals,2025-09-27T01:32:46,2025-09-27a,Buffalo Reflex,Buffalo Reflex,Buffalo,Dallas,,2025-09-10T00:00:00,,,,personal_name_title,,"{""url"": [""death-notice""], ""title_patterns"": [""personal_name_title""]}",death-notice,,
407574a9-72e1-45ef-a696-50d2ce821566,fa29a437-873e-46a6-ac77-9c02c8dc6166,"https://buffaloreflex.com/stories/death-notices,76070",Buffalo Reflex,obituary,medium,0.25,matched_obituary_signals,2025-09-27T01:32:46,2025-09-27a,Buffalo Reflex,Buffalo Reflex,Buffalo,Dallas,,2025-09-17T00:00:00,,,,personal_name_title,,"{""url"": [""death-notice""], ""title_patterns"": [""personal_name_title""]}",death-notice,,
1b84d19e-b45b-4db5-a769-5091fa4ab118,1152bae4-44b2-40a5-ab71-f9f0b5d84529,https://abc17news.com/news/national-world/cnn-national/2025/09/20/what-we-know-about-charlie-kirks-memorial-service/,What we know about Charlie Kirk’s memorial service,obituary,medium,0.16666666666666666,matched_obituary_signals,2025-09-27T01:32:46,2025-09-27a,ABC 17 KMIZ News,ABC 17 KMIZ News,Columbia,Boone,,2025-09-20T00:00:00,,,,,memorial service,"{""content"": [""memorial service""]}",,,
4c301467-6742-45fb-98ec-7e27e84f8cb8,425a5f52-51a9-4367-8979-194db64ae673,https://www.kprs.com/2025/09/17/hollywood-legend-robert-redford-dies-at-age-89/,Hollywood legend Robert Redford dies at age 89,obituary,medium,0.16666666666666666,matched_obituary_signals,2025-09-27T01:32:46,2025-09-27a,Carter Broadcast Group (KPRS/KPRT),Carter Broadcast Group (KPRS/KPRT),Kansas City,Wyandotte,,2025-09-17T00:00:00,,,,,passed away,"{""content"": [""passed away""]}",,,
827ef9b2-deb5-40c7-bdf4-c66f8e5e3541,a34801e8-6deb-4456-8091-72ff1a48cddc,https://www.chillicothenews.com/september-breaking-the-silence-on-suicide-and-mental-health/,September: Breaking the Silence on Suicide and Mental Health,obituary,medium,0.16666666666666666,matched_obituary_signals,2025-09-27T01:32:46,2025-09-27a,Constitution-Tribune,Constitution-Tribune,Chillicothe,Livingston,,2025-09-16T09:16:00+00:00,,,,,passed away,"{""content"": [""passed away""]}",,,
0c15f018-e3c1-470f-b710-390953b369e8,7a08135e-9143-4c6d-a081-ebfe76e93438,https://www.darnews.com/stories/semo-shooters-convene-saturday-at-1st-annual-truston-alexander-t-shoot-to-honor-fallen-teenager-page_1f5,SEMO Shooters convene Saturday at 1st Annual Truston Alexander T$ Shoo...,obituary,medium,0.16666666666666666,matched_obituary_signals,2025-09-27T01:32:46,2025-09-27a,Daily American Republic,Daily American Republic,Poplar Bluff,Butler,,2025-09-15T14:03:29.255000+00:00,,,,,passed away,"{""content"": [""passed away""]}",,,
bb80bd42-de66-473d-8b88-94f028c57530,97ea4271-6641-4804-939d-059f0ccfbbb5,https://www.douglascountyherald.com/2021/05/13/city-aldermen-purchase-mowers-hire-pool-staff/,"City Aldermen Purchase Mowers, Hire Pool Staff",obituary,medium,0.16666666666666666,matched_obituary_signals,2025-09-27T01:32:46,2025-09-27a,Douglas County Herald,Douglas County Herald,Ava,Douglas,,2021-05-13T00:00:00,,,,,obituary; passed away,"{""content"": [""obituary"", ""passed away""]}",,,
24507a1d-4006-4980-9f69-b60d3dabc2b0,16f82f68-d4b9-4dd2-92fa-69eb1822f899,"https://www.gasconadecountyrepublican.com/stories/larry-kiderlen1942-2025,233820",Larry Kiderlen 1942-2025,obituary,medium,0.16666666666666666,matched_obituary_signals,2025-09-27T01:32:46,2025-09-27a,Gasconade County Republican,Gasconade County Republican,Owensville,Gasconade,,2025-09-17T00:00:00,,,,,memorial service; passed away; survived by; visitation; visitation will be,"{""content"": [""memorial service"", ""passed away"", ""survived by"", ""visitation"", ""visitation will be""]}",,,
98d1ce32-2d2f-47e3-b92b-c491b3e898fb,3cacbd91-e0d7-441e-a701-ec68866d1c47,"https://www.gasconadecountyrepublican.com/stories/darlene-gerken1927-2025,233819",Darlene Gerken 1927-2025,obituary,medium,0.16666666666666666,matched_obituary_signals,2025-09-27T01:32:46,2025-09-27a,Gasconade County Republican,Gasconade County Republican,Owensville,Gasconade,,2025-09-17T00:00:00,,,,,passed away; survived by,"{""content"": [""passed away"", ""survived by""]}",,,
0e3d1dea-768c-4319-a64a-15dfa4d52ffb,5189b886-b22c-4249-9259-ebbe502aec34,"https://www.gasconadecountyrepublican.com/stories/pauletta-jahnsen1945-2025,233818",Pauletta Jahnsen 1945-2025,obituary,medium,0.16666666666666666,matched_obituary_signals,2025-09-27T01:32:46,2025-09-27a,Gasconade County Republican,Gasconade County Republican,Owensville,Gasconade,,2025-09-17T00:00:00,,,,,passed away; survived by,"{""content"": [""passed away"", ""survived by""]}",,,
79f04a83-6b8e-4e44-8987-40b851b6a9e2,1adf93c3-28d8-4da4-bef6-41bdf4fad4a5,https://www.hannibal.net/news/history/shenker-family-set-the-standard-for-dry-goods-sales-in-hannibal/article_a058bce4-cf71-4b23-acf9-8575cc02b84e.html,Shenker family set the standard for dry goods sales in Hannibal,obituary,medium,0.16666666666666666,matched_obituary_signals,2025-09-27T01:32:46,2025-09-27a,Hannibal Courier-Post,Hannibal Courier-Post,Hannibal,Marion,,2025-08-01T13:31:00-05:00,,,,,laid to rest,"{""content"": [""laid to rest""]}",,,
9f483b9a-4d1b-4367-8bd1-f8ddedd129d1,7b4f8e78-d709-4c17-b04b-02e5983a2dcf,https://www.kctv5.com/2025/09/20/family-mourns-second-murder-after-second-victim-identified-mercado-fresco-shooting/,Family mourns second murder after second victim identified in Mercado Fresco shooting,obituary,medium,0.16666666666666666,matched_obituary_signals,2025-09-27T01:32:46,2025-09-27a,KCTV5,KCTV5,Kansas City,Wyandotte,,2025-09-20T00:00:00,,,,,passed away,"{""content"": [""passed away""]}",,,
7eafb93b-0af6-47f8-bff6-375deddb46c6,c089d33c-38bb-4d50-9612-b86a017e06b4,https://www.kfvs12.com/2025/09/20/former-gov-jim-edgar-lies-state-illinois-capitol/,Former Gov. Jim Edgar lies in state at Illinois Capitol,obituary,medium,0.16666666666666666,matched_obituary_signals,2025-09-27T01:32:46,2025-09-27a,KFVS 12,KFVS 12,Heartland,Cape Girardeau,,2025-09-20T00:00:00,,,,,memorial service,"{""content"": [""memorial service""]}",,,
f85b7bb5-fedf-4ca9-85f8-949197c62b0e,318b1445-92bf-4bf1-b24e-44cba61de2d1,https://fox2now.com/news/memorial-service-held-for-former-illinois-gov-jim-edgar/,Memorial service held for former Illinois Gov. Jim Edgar,obituary,medium,0.16666666666666666,matched_obituary_signals,2025-09-27T01:32:46,2025-09-27a,KPLR11/Fox 2 Now,KPLR11/Fox 2 Now,St. Louis,St. Louis,,2025-09-20T12:42:54+00:00,,,,,memorial service; passed away,"{""content"": [""memorial service"", ""passed away""]}",,,
53d0dc2a-de2c-4413-ab64-ff6413568bb1,570e9873-6804-4861-a717-abb1ef3e4ecc,https://www.ksmu.org/2025-09-20/week-in-politics-a-government-shutdown-looms-charlie-kirks-memorial-service,Week in Politics: A government shutdown looms; Charlie Kirk's memorial service,obituary,medium,0.16666666666666666,matched_obituary_signals,2025-09-27T01:32:46,2025-09-27a,KSMU Ozarks Public Radio,KSMU Ozarks Public Radio,Springfield,Greene,,2025-09-20T00:00:00,,,,,memorial service,"{""content"": [""memorial service""]}",,,
3dee1f46-6924-4e0d-a4ff-8c90171e7d6e,9ced65ef-e332-41f6-981d-a8a0131adc3d,"https://mariescountyadvocate.com/stories/father-daughter-dance-hits-lucky-number-seven-with-plenty-of-two-steps,233761",Father-Daughter Dance hits lucky number seven with plenty of two-steps,obituary,medium,0.16666666666666666,matched_obituary_signals,2025-09-27T01:32:46,2025-09-27a,Maries County Advocate,Maries County Advocate,Belle,Maries,,2025-09-17T00:00:00,,,,,visitation,"{""content"": [""visitation""]}",,,
ead74c47-f7bd-421a-9b81-c2286693684d,f51524dc-f7f8-42b9-9d78-ceb02328db11,"https://mariescountyadvocate.com/stories/the-shirt-off-my-back,233765",The shirt off my back,obituary,medium,0.16666666666666666,matched_obituary_signals,2025-09-27T01:32:46,2025-09-27a,Maries County Advocate,Maries County Advocate,Belle,Maries,,2025-09-17T00:00:00,,,,,laid to rest,"{""content"": [""laid to rest""]}",,,
3ee0db30-bae8-471c-af1b-e46b5a720235,92867254-c428-4d16-a66a-71375f0561dc,"https://mariescountyadvocate.com/stories/linda-doss1948-2025,233821",Linda Doss 1948-2025,obituary,medium,0.16666666666666666,matched_obituary_signals,2025-09-27T01:32:46,2025-09-27a,Maries County Advocate,Maries County Advocate,Belle,Maries,,2025-09-17T00:00:00,,,,,passed away,"{""content"": [""passed away""]}",,,
2aacac40-29f8-4f99-852a-e3982dacb1e3,6451dfdc-76b6-4546-913c-51c3f668c1bb,"https://mariescountyadvocate.com/stories/tamara-c-iler1963-2025,233814",Tamara C. Iler 1963-2025,obituary,medium,0.16666666666666666,matched_obituary_signals,2025-09-27T01:32:46,2025-09-27a,Maries County Advocate,Maries County Advocate,Belle,Maries,,2025-09-17T00:00:00,,,,,passed away,"{""content"": [""passed away""]}",,,
38b1bd48-a420-4b0c-9835-5583e65cd85a,4b61f2f1-7679-49a9-b8dc-e92d8327c03a,https://maconhomepress.com/articles/4115/view/memorial-ceremonies-this-weekend-will-honor-missouri-s-fallen-firefighters,Memorial ceremonies this weekend will honor Missouri’s fallen firefighters,obituary,medium,0.16666666666666666,matched_obituary_signals,2025-09-27T01:32:46,2025-09-27a,The Macon County Home Press,The Macon County Home Press,La Plata,Macon,,,,,,,memorial service; memorial services,"{""content"": [""memorial service"", ""memorial services""]}",,,
9fc73013-a158-438a-9c85-5a10e6582555,687f2966-d4e8-44a9-8146-959fd39634c6,"https://www.unterrifieddemocrat.com/stories/arline-m-laubert1939-2025,233825",Arline M. Laubert 1939-2025,obituary,medium,0.16666666666666666,matched_obituary_signals,2025-09-27T01:32:46,2025-09-27a,The Unterrified Democrat,The Unterrified Democrat,Linn,Osage,,2025-09-17T00:00:00,,,,,passed away; survived by,"{""content"": [""passed away"", ""survived by""]}",,,
a89492b0-a447-40cb-9ea6-394ab8d281c3,b016b06c-218a-4560-a89f-06b08c5b200f,"https://www.warrencountyrecord.com/stories/deontae-leon-jones,160413",Warren County Record,obituary,medium,0.16666666666666666,matched_obituary_signals,2025-09-27T01:32:46,2025-09-27a,Warren County Record,Warren County Record,Warrenton,Warren,,2025-09-15T00:00:00,,,,,passed away; survived by; visitation,"{""content"": [""passed away"", ""survived by"", ""visitation""]}",,,
69cd3564-35a4-4157-9569-c3d05999a5bb,d3e78ab4-29dc-44b3-9a3a-20e24d54c98e,"https://www.warrencountyrecord.com/stories/larry-couch,160412",Warren County Record,obituary,medium,0.16666666666666666,matched_obituary_signals,2025-09-27T01:32:46,2025-09-27a,Warren County Record,Warren County Record,Warrenton,Warren,,2025-09-15T00:00:00,,,,,passed away,"{""content"": [""passed away""]}",,,
e0a486b0-1cef-45a5-b7db-9ab7637763cf,274d93d8-6ac8-4da0-9c49-e4c73d379dfd,https://dosmundos.com/2025/09/13/editorial-in-honor-of-9-11/,Editorial: In honor of 9/11,opinion,high,0.6666666666666666,matched_opinion_signals,2025-09-27T01:32:46,2025-09-27a,Dos Mundos Bilingual Newspaper,Dos Mundos Bilingual Newspaper,Overland Park,Johnson,,2025-09-13T00:00:00,,,,,,"{""title"": [""editorial""], ""url"": [""editorial""]}",editorial,editorial,
e17c3cb1-6353-4ab3-ac6f-c145da28b971,28c318e3-2faa-45d1-b9cf-d14047da7d37,https://www.douglascountyherald.com/2019/11/21/economic-freedom-in-missouri-an-opinion-piece/,Economic Freedom in Missouri – An Opinion Piece,opinion,high,0.6666666666666666,matched_opinion_signals,2025-09-27T01:32:46,2025-09-27a,Douglas County Herald,Douglas County Herald,Ava,Douglas,,2019-11-21T00:00:00,,,,,,"{""title"": [""opinion""], ""url"": [""opinion""]}",opinion,opinion,
8df41e2b-268a-4610-984d-464d814ff5ef,1e599282-c2b0-4978-99ae-d7c413ea52c0,https://www.douglascountyherald.com/2019/12/12/opinion-school-board-vs-bus-drivers-its-not-really-about-the-cameras/,Opinion: School Board vs Bus Drivers – It’s Not Really About the Cameras,opinion,high,0.6666666666666666,matched_opinion_signals,2025-09-27T01:32:46,2025-09-27a,Douglas County Herald,Douglas County Herald,Ava,Douglas,,2019-12-12T00:00:00,,,,,,"{""title"": [""opinion""], ""url"": [""opinion""]}",opinion,opinion,
30cfeb36-b693-4e78-beb2-5a701dab5d9d,db864a11-0836-4e90-b24f-c2fc8fbddac4,https://www.douglascountyherald.com/2019/12/26/opinion-no-one-is-above-the-law-including-congress/,OPINION: No One is Above the Law – Including Congress,opinion,high,0.6666666666666666,matched_opinion_signals,2025-09-27T01:32:46,2025-09-27a,Douglas County Herald,Douglas County Herald,Ava,Douglas,,2019-12-26T00:00:00,,,,,,"{""title"": [""opinion""], ""url"": [""opinion""]}",opinion,opinion,
3eafe2bd-8572-44da-8f8b-23600d08fc45,4d9ab112-5a91-4e82-84d3-b6b22a220607,https://www.douglascountyherald.com/2020/01/30/opinion-grain-belt-express-will-lower-electric-bills-and-create-jobs/,Opinion: Grain Belt Express will Lower Electric Bills and Create Jobs,opinion,high,0.6666666666666666,matched_opinion_signals,2025-09-27T01:32:46,2025-09-27a,Douglas County Herald,Douglas County Herald,Ava,Douglas,,2020-01-30T00:00:00,,,,,,"{""title"": [""opinion""], ""url"": [""opinion""]}",opinion,opinion,
84a02b22-e960-4f49-be0e-ec0b0bb5d9c5,90199e8f-1c8d-4fd6-9b8c-4f03e9055431,https://www.douglascountyherald.com/2020/02/20/opinion-eminent-domain-is-not-for-sale-in-missouri/,Opinion: Eminent Domain is Not For Sale in Missouri,opinion,high,0.6666666666666666,matched_opinion_signals,2025-09-27T01:32:46,2025-09-27a,Douglas County Herald,Douglas County Herald,Ava,Douglas,,2020-02-20T00:00:00,,,,,,"{""title"": [""opinion""], ""url"": [""opinion""]}",opinion,opinion,
f0d415a2-d42d-436e-aedb-912473ca0edb,6698f874-a942-45bb-b86e-175a75250357,https://www.douglascountyherald.com/2020/06/18/opinion-we-now-know-trumps-leadership-saved-lives/,Opinion: We Now Know – Trump’s Leadership Saved Lives,opinion,high,0.6666666666666666,matched_opinion_signals,2025-09-27T01:32:46,2025-09-27a,Douglas County Herald,Douglas County Herald,Ava,Douglas,,2020-06-18T00:00:00,,,,,,"{""title"": [""opinion""], ""url"": [""opinion""]}",opinion,opinion,
3a591bc7-0207-4c0b-98bc-9f5e208fbb90,59c9223b-1930-4b1d-b9a9-a9ca87545cea,https://www.howellcountynews.com/local/howell-county-news-recognized-investigative-work-sports-opinions,"Howell County News recognized for investigative work, sports, opinions",opinion,high,0.6666666666666666,matched_opinion_signals,2025-09-27T01:32:46,2025-09-27a,Howell County News,Howell County News,Willow Springs,Howell,,2025-09-15T15:27:37-05:00,,,,,,"{""title"": [""opinion""], ""url"": [""opinion"", ""opinions""]}",opinion; opinions,opinion,
7772a3e2-13c2-4642-ab6a-7e67d5299ea5,a4a3da64-2cf1-4fb9-8596-c7ada1906c4d,https://www.newstribune.com/news/2025/sep/19/phones-versus-play-commentary-most-kids-have-lost/,COMMENTARY: Most kids have lost play-based childhood,opinion,high,0.6666666666666666,matched_opinion_signals,2025-09-27T01:32:46,2025-09-27a,Jefferson City News Tribune/News Tribune,Jefferson City News Tribune/News Tribune,Jefferson City,Cole,,2025-09-19T00:00:00,,,,,,"{""title"": [""commentary""], ""url"": [""commentary""]}",commentary,commentary,
f30437e3-b934-4bb3-b118-1c708df4bfa3,c673c9e3-db98-495d-a89b-315634c727bd,https://www.newstribune.com/news/2025/sep/20/commentary-empathy-is-only-way-forward-after/,COMMENTARY: Empathy is only way forward after Charlie Kirk’s death,opinion,high,0.6666666666666666,matched_opinion_signals,2025-09-27T01:32:46,2025-09-27a,Jefferson City News Tribune/News Tribune,Jefferson City News Tribune/News Tribune,Jefferson City,Cole,,2025-09-20T00:00:00,,,,,,"{""title"": [""commentary""], ""url"": [""commentary""]}",commentary,commentary,
34df1ca9-f86b-4890-870a-fc986f0987b1,2d140d72-568a-42cf-b6b0-6924d990854a,https://www.newstribune.com/news/2025/sep/20/commentary-why-are-trump-rfk-jr-targeting-pharma/,"COMMENTARY: Why are Trump, RFK Jr. targeting pharma ads?",opinion,high,0.6666666666666666,matched_opinion_signals,2025-09-27T01:32:46,2025-09-27a,Jefferson City News Tribune/News Tribune,Jefferson City News Tribune/News Tribune,Jefferson City,Cole,,2025-09-20T00:00:00,,,,,,"{""title"": [""commentary""], ""url"": [""commentary""]}",commentary,commentary,
65e32685-145e-4bfc-867a-233173080860,b53b8001-b8fd-4a0c-8b2e-a4b9057044ab,https://www.newstribune.com/news/2025/sep/20/commentary-theres-no-easy-way-to-unmask-ice-agents/,COMMENTARY: There’s no easy way to unmask ICE agents,opinion,high,0.6666666666666666,matched_opinion_signals,2025-09-27T01:32:46,2025-09-27a,Jefferson City News Tribune/News Tribune,Jefferson City News Tribune/News Tribune,Jefferson City,Cole,,2025-09-20T00:00:00,,,,,,"{""title"": [""commentary""], ""url"": [""commentary""]}",commentary,commentary,
b46009e8-6770-44a4-9d5d-3065c70742bd,f32cac2e-34a2-4a97-b0c9-edc2fbe3cc86,https://www.newstribune.com/news/2025/sep/20/commentary-public-employee-strikes-should-be/,COMMENTARY: Public employee strikes should be illegal,opinion,high,0.6666666666666666,matched_opinion_signals,2025-09-27T01:32:46,2025-09-27a,Jefferson City News Tribune/News Tribune,Jefferson City News Tribune/News Tribune,Jefferson City,Cole,,2025-09-20T00:00:00,,,,,,"{""title"": [""commentary""], ""url"": [""commentary""]}",commentary,commentary,
f2c63316-9a95-4860-adaf-fd1a73d71a7b,9f6e22b5-29bc-4778-b4ef-62de42c04944,https://www.kbia.org/2025-09-20/opinion-robert-redford-will-always-light-up-our-screens,Opinion: Robert Redford will always light up our screens,opinion,high,0.6666666666666666,matched_opinion_signals,2025-09-27T01:32:46,2025-09-27a,KBIA,KBIA,Columbia,Boone,,2025-09-20T00:00:00,,,,,,"{""title"": [""opinion""], ""url"": [""opinion""]}",opinion,opinion,
84f8f886-a9f5-46d7-9dba-fccbec2fa471,735fa7c0-3a1e-4a31-bc61-d72d610d2379,https://www.krcu.org/2025-09-20/opinion-robert-redford-will-always-light-up-our-screens,Opinion: Robert Redford will always light up our screens,opinion,high,0.6666666666666666,matched_opinion_signals,2025-09-27T01:32:46,2025-09-27a,KRCU,KRCU,Cape Giradeau,Cape Giradeau/Scott,,2025-09-20T00:00:00,,,,,,"{""title"": [""opinion""], ""url"": [""opinion""]}",opinion,opinion,
eec81945-2aa6-4991-819c-bc9df27f76b4,80563ca9-b8a4-4b40-9135-cc97cdc75a77,https://www.ksmu.org/2025-09-20/opinion-robert-redford-will-always-light-up-our-screens,Opinion: Robert Redford will always light up our screens,opinion,high,0.6666666666666666,matched_opinion_signals,2025-09-27T01:32:46,2025-09-27a,KSMU Ozarks Public Radio,KSMU Ozarks Public Radio,Springfield,Greene,,2025-09-20T00:00:00,,,,,,"{""title"": [""opinion""], ""url"": [""opinion""]}",opinion,opinion,
d2a3d0ea-8ae7-4c85-91f7-a51f6790851f,0d97d1c0-9b98-4ef6-8e90-d3cf59c4c7b2,https://www.kxcv.org/2025-09-20/opinion-robert-redford-will-always-light-up-our-screens,Opinion: Robert Redford will always light up our screens,opinion,high,0.6666666666666666,matched_opinion_signals,2025-09-27T01:32:46,2025-09-27a,KXCV,KXCV,Maryville,Nodaway,,2025-09-20T00:00:00,,,,,,"{""title"": [""opinion""], ""url"": [""opinion""]}",opinion,opinion,
d6b71e9d-a5c5-4134-b10b-2b26789c4064,d2096ff7-56ef-4928-96f2-c23e2e726663,https://mdcp.nwaonline.com/news/2025/sep/11/opinion-building-your-town-why-half-wont-cut-it/,OPINION: Building your town: why half won’t cut it,opinion,high,0.6666666666666666,matched_opinion_signals,2025-09-27T01:32:46,2025-09-27a,McDonald County Press,McDonald County Press,Pineville,McDonald,,2025-09-11T00:00:00,,,,,,"{""title"": [""opinion""], ""url"": [""opinion""]}",opinion,opinion,
2b7c3407-36e5-49f2-99f3-983eb3295e1f,fade8a3f-6232-4465-9c79-a50fbf085a4f,https://mdcp.nwaonline.com/news/2025/sep/18/opinion-six-month-increments/,OPINION: Six-Month Increments,opinion,high,0.6666666666666666,matched_opinion_signals,2025-09-27T01:32:46,2025-09-27a,McDonald County Press,McDonald County Press,Pineville,McDonald,,2025-09-18T00:00:00,,,,,,"{""title"": [""opinion""], ""url"": [""opinion""]}",opinion,opinion,
637688dc-4430-4cc6-8d3d-d3c32f41ba25,79705950-fb65-48f8-a8b4-4bb0f5725f97,https://mdcp.nwaonline.com/news/2025/sep/18/opinion-30-million-secret-a-communitys-survival/,OPINION: $30 million secret: A community’s survival depends on going local,opinion,high,0.6666666666666666,matched_opinion_signals,2025-09-27T01:32:46,2025-09-27a,McDonald County Press,McDonald County Press,Pineville,McDonald,,2025-09-18T00:00:00,,,,,,"{""title"": [""opinion""], ""url"": [""opinion""]}",opinion,opinion,
a38eb894-51c0-4c4a-8653-c3a7b7ce3909,1d948b70-58b6-45de-9d87-72cab9c81fb0,https://www.stlpr.org/npr/2025-09-20/opinion-robert-redford-will-always-light-up-our-screens,Opinion: Robert Redford will always light up our screens,opinion,high,0.6666666666666666,matched_opinion_signals,2025-09-27T01:32:46,2025-09-27a,STL Public Radio,STL Public Radio,St. Louis,St. Louis,,2025-09-20T00:00:00,,,,,,"{""title"": [""opinion""], ""url"": [""opinion""]}",opinion,opinion,
1025c04c-4b65-497a-b99c-8629d29f9088,2c58c8c2-5eb8-4227-98e5-8d4b2e4af34a,https://www.news-leader.com/story/opinion/2025/09/20/taking-time-to-appreciate-the-natural-grace-of-the-ozarks-opinion/86211575007/,Taking time — intentionally — to appreciate the natural grace of the Ozarks | Opinion,opinion,high,0.6666666666666666,matched_opinion_signals,2025-09-27T01:32:46,2025-09-27a,Springfield News-Leader,Springfield News-Leader,Springfield,Greene,,2025-09-20T00:00:00,,,,,,"{""title"": [""opinion""], ""url"": [""opinion""]}",opinion,opinion,
1e6a01b1-a32d-403f-9955-c630e442d916,3ab7e269-8741-43d1-a805-654ed9f339e4,https://www.news-leader.com/story/opinion/2025/09/20/missouri-must-protect-direct-democracy-from-republican-attack-opinion/86211765007/,"As Republican lawmakers attack democracy, Missourians must come to its defense | Opinion",opinion,high,0.6666666666666666,matched_opinion_signals,2025-09-27T01:32:46,2025-09-27a,Springfield News-Leader,Springfield News-Leader,Springfield,Greene,,2025-09-20T00:00:00,,,,,,"{""title"": [""opinion""], ""url"": [""opinion""]}",opinion,opinion,
9853432c-cb74-41a9-b326-f057c80c2f5a,117ef2b1-b9c1-4b0a-808e-34a4c56d28db,https://www.studlife.com/forum/2025/09/17/staff-editorial-embrace-and-encourage-political-discourse,Staff Editorial: Embrace and encourage political discourse,opinion,high,0.6666666666666666,matched_opinion_signals,2025-09-27T01:32:46,2025-09-27a,Student Life,Student Life,St. Louis,St. Louis,,2025-09-17T00:00:00,,,,,,"{""title"": [""editorial""], ""url"": [""editorial""]}",editorial,editorial,
3f42073f-e953-41b7-9aef-680f3d4cb945,13d419c4-36b0-48ca-95a4-2f7ac923c66b,https://themissouritimes.com/opinion-dont-let-washington-meddle-with-our-phones/,Opinion: Don’t Let Washington Meddle with Our Phones,opinion,high,0.6666666666666666,matched_opinion_signals,2025-09-27T01:32:46,2025-09-27a,The Missouri Times,The Missouri Times,Jefferson City,Cole,,2025-09-18T21:00:54+00:00,,,,,,"{""title"": [""opinion""], ""url"": [""opinion""]}",opinion,opinion,
34b1f20f-3c23-41a2-8ed8-96de90ac3768,fea35d2a-1b30-45a4-a569-1fcb1f69b42a,https://eldoradospringsmo.com/letters-to-the-editor/the-rest-of-the-story-2/,The rest of the story,opinion,medium,0.5,matched_opinion_signals,2025-09-27T01:32:46,2025-09-27a,El Dorado Springs Sun,El Dorado Springs Sun,El Dorado Springs,Cedar,,2025-07-30T15:57:58+00:00,,,,,,"{""url"": [""letters"", ""letters-to-the-editor""], ""meta_description"": [""letter""]}",letters; letters-to-the-editor,,letter
22c84665-4078-486a-b562-501e0683de5a,5de39353-e0db-4125-a588-0d97f7999145,https://eldoradospringsmo.com/letters-to-the-editor/the-rest-of-the-story-2/#comments,The rest of the story,opinion,medium,0.5,matched_opinion_signals,2025-09-27T01:32:46,2025-09-27a,El Dorado Springs Sun,El Dorado Springs Sun,El Dorado Springs,Cedar,,2025-07-30T15:57:58+00:00,,,,,,"{""url"": [""letters"", ""letters-to-the-editor""], ""meta_description"": [""letter""]}",letters; letters-to-the-editor,,letter
25574545-aa87-4b8e-8f51-b6caf4f7fd6d,b2c00bac-d690-474a-a70e-2f908de4ef1a,https://www.news-leader.com/story/opinion/readers/2025/09/20/letters-to-the-editor-tariffs-social-security-and-the-chiefs/86210960007/,"Letters to the Editor: Tariffs, Social Security and the Chiefs' (lack of) running game",opinion,medium,0.5,matched_opinion_signals,2025-09-27T01:32:46,2025-09-27a,Springfield News-Leader,Springfield News-Leader,Springfield,Greene,,2025-09-20T09:04:52+00:00,,,,,,"{""url"": [""opinion"", ""letters"", ""letters-to-the-editor""], ""meta_description"": [""letter"", ""letters""]}",opinion; letters; letters-to-the-editor,,letter; letters
2ab1836b-5ec9-468c-a008-b3de1b3f80b1,347d1f07-ef3b-45e4-ba34-2aa85e275b77,https://bocojo.com/opinion/school-week-four-v-five-days/?utm_source=rss&,School week: four v. five days - Boone County Journal,opinion,medium,0.3333333333333333,matched_opinion_signals,2025-09-27T01:32:46,2025-09-27a,Boone County Journal,Boone County Journal,Ashland,Boone,,2025-07-29T17:17:59+00:00,,,,,,"{""url"": [""opinion""]}",opinion,,
8921a747-8fcd-47ef-82a6-84264518058b,baf47000-e44e-4363-8354-dcedaf214a6c,https://bocojo.com/opinion/around-town-august-6-2025/?utm_source=rss&,"Around Town: August 6, 2025",opinion,medium,0.3333333333333333,matched_opinion_signals,2025-09-27T01:32:46,2025-09-27a,Boone County Journal,Boone County Journal,Ashland,Boone,,2025-08-06T22:34:53-05:00,,,,,,"{""url"": [""opinion""]}",opinion,,
d81c73d3-a111-4123-97e1-cabae1414005,c6f95ffd-b6b9-4761-9406-fb6e6e0c466d,https://bocojo.com/opinion/around-town-aug-13-2025/?utm_source=rss&,"Around Town: Aug. 13, 2025 - Boone County Journal",opinion,medium,0.3333333333333333,matched_opinion_signals,2025-09-27T01:32:46,2025-09-27a,Boone County Journal,Boone County Journal,Ashland,Boone,,2025-08-13T03:49:43+00:00,,,,,,"{""url"": [""opinion""]}",opinion,,
9cf0aabb-611f-42a9-b3d2-ae60e7e09a49,af32a07a-8d07-446a-8b0a-7a05530c3b45,https://bocojo.com/opinion/around-town-aug-20-2025/?utm_source=rss&,"Around Town: Aug. 20, 2025",opinion,medium,0.3333333333333333,matched_opinion_signals,2025-09-27T01:32:46,2025-09-27a,Boone County Journal,Boone County Journal,Ashland,Boone,,2025-08-18T20:33:51-05:00,,,,,,"{""url"": [""opinion""]}",opinion,,
cde7bd25-659b-4c1b-94a8-9882a63b8d3f,713458f1-382e-411c-80b4-0937f6afba66,https://bocojo.com/opinion/continuing-the-spiritual-journey-the-narrow-and-the-last/?utm_source=rss&,Continuing the Spiritual Journey – The Narrow and the Last - Boone County Journal,opinion,medium,0.3333333333333333,matched_opinion_signals,2025-09-27T01:32:46,2025-09-27a,Boone County Journal,Boone County Journal,Ashland,Boone,,2025-08-27T11:00:40+00:00,,,,,,"{""url"": [""opinion""]}",opinion,,
e876fcdd-06c1-48eb-8e6d-7c6abc5fa1f3,b8b16bdc-0975-4269-8583-8a724033180c,https://bocojo.com/opinion/continuing-the-spiritual-journey-the-gift-of-spiritual-sense/?utm_source=rss&,Continuing the Spiritual Journey — The Gift of Spiritual Sense,opinion,medium,0.3333333333333333,matched_opinion_signals,2025-09-27T01:32:46,2025-09-27a,Boone County Journal,Boone County Journal,Ashland,Boone,,2025-09-10T06:00:33-05:00,,,,,,"{""url"": [""opinion""]}",opinion,,
fd4d5a7b-e833-4ce3-9bb3-15a9dd1addc9,04e16f52-8f58-42c1-9966-0d54b9047f5d,https://bocojo.com/opinion/around-town-august-6-2025/feed/,"Comments on: Around Town: August 6, 2025",opinion,medium,0.3333333333333333,matched_opinion_signals,2025-09-27T01:32:46,2025-09-27a,Boone County Journal,Boone County Journal,Ashland,Boone,,,,,,,,"{""url"": [""opinion""]}",opinion,,
586f2d3a-11c6-4091-9088-5d0b97abc1c8,6129611c-736c-4a25-80dc-11752a73f14c,https://bocojo.com/opinion/around-town-aug-13-2025/feed/,"Comments on: Around Town: Aug. 13, 2025",opinion,medium,0.3333333333333333,matched_opinion_signals,2025-09-27T01:32:46,2025-09-27a,Boone County Journal,Boone County Journal,Ashland,Boone,,,,,,,,"{""url"": [""opinion""]}",opinion,,
1c825740-c6d8-46bc-a296-3b7720f92557,7cff0dd3-3b02-47c2-8eb4-293e27e486f4,https://bocojo.com/opinion/around-town-july-30th-2025/feed/,"Comments on: Around Town: July 30th, 2025",opinion,medium,0.3333333333333333,matched_opinion_signals,2025-09-27T01:32:46,2025-09-27a,Boone County Journal,Boone County Journal,Ashland,Boone,,,,,,,,"{""url"": [""opinion""]}",opinion,,
c48af719-c18c-4623-be92-f7619555f714,ff4d1d10-ecaa-41ed-9db7-78519bd3ef4c,https://bocojo.com/opinion/around-town-aug-20-2025/feed/,"Comments on: Around Town: Aug. 20, 2025",opinion,medium,0.3333333333333333,matched_opinion_signals,2025-09-27T01:32:46,2025-09-27a,Boone County Journal,Boone County Journal,Ashland,Boone,,,,,,,,"{""url"": [""opinion""]}",opinion,,
42f2e31e-fd88-4fea-8dfc-ac722941e29e,7def82c9-04b4-4219-9342-34b46bdf6a5f,https://carthagenewsonline.com/opinion/columns/stock-market-insights/stock-market-insights-ceiling-and-floor-the-new-global-tariff-framework/,Stock Market Insights: Ceiling and Floor – The New Global Tariff Framework,opinion,medium,0.3333333333333333,matched_opinion_signals,2025-09-27T01:32:46,2025-09-27a,Carthage Press,Carthage Press,Carthage,Jasper,,2025-05-16T23:56:50+00:00,,,,,,"{""url"": [""opinion"", ""column"", ""columns""]}",opinion; column; columns,,
22616b74-bf6f-4c1b-8fcf-d2f5c2dfa050,0350f689-5654-481e-a588-6fdb3c75f804,https://carthagenewsonline.com/opinion/columns/stock-market-insights/stock-market-insights-markets-react-as-fed-shifts-policy-investors-look-ahead/,"Stock Market Insights: Markets React as Fed Shifts Policy, Investors Look Ahead",opinion,medium,0.3333333333333333,matched_opinion_signals,2025-09-27T01:32:46,2025-09-27a,Carthage Press,Carthage Press,Carthage,Jasper,,2025-09-19T01:44:52+00:00,,,,,,"{""url"": [""opinion"", ""column"", ""columns""]}",opinion; column; columns,,
81ccf5b6-84fd-4d05-89aa-9390af7c275c,3e6f4697-c699-49d3-a732-ea68a53b8364,https://www.darnews.com/opinion/shribman-could-our-current-leaders-pass-the-citizenship-test-d9d4a803,SHRIBMAN: Could our current leaders pass the citizenship test?,opinion,medium,0.3333333333333333,matched_opinion_signals,2025-09-27T01:32:46,2025-09-27a,Daily American Republic,Daily American Republic,Poplar Bluff,Butler,,2025-09-19T22:44:57.626000+00:00,,,,,,"{""url"": [""opinion""]}",opinion,,
a2f94a7f-cdec-4275-9d0e-5c8a57a0aac4,1be04a5d-a02b-4eaf-8b3a-bfcfefe41231,https://www.dddnews.com/opinion/fair-food-favorites-065a38ca,Fair Food Favorites,opinion,medium,0.3333333333333333,matched_opinion_signals,2025-09-27T01:32:46,2025-09-27a,Delta Dunklin Democrat,Delta Dunklin Democrat,Kennett,Dunklin,,2025-09-20T12:00:00+00:00,,,,,,"{""url"": [""opinion""]}",opinion,,
20eda23f-ef4b-444f-8adc-af3190e21d0e,0f1fcf0b-e5c1-4ecf-bdb7-8734c1b58920,https://www.dddnews.com/opinion/growing-up-in-the-cotton-fields-lessons-from-a-missouri-farmers-daughter-b81cac85,Growing up in the cotton fields: Lessons from a Missouri farmer’s daug...,opinion,medium,0.3333333333333333,matched_opinion_signals,2025-09-27T01:32:46,2025-09-27a,Delta Dunklin Democrat,Delta Dunklin Democrat,Kennett,Dunklin,,2025-09-20T12:00:00+00:00,,,,,,"{""url"": [""opinion""]}",opinion,,
da11f59c-e85f-4fc3-bf8a-6f1d8e469cab,92ccb086-8a0c-4aef-bbfc-653b439f19d2,https://www.dddnews.com/opinion/freedom-of-speech-is-a-god-given-right-d1809cbe,Freedom of speech is a God given right,opinion,medium,0.3333333333333333,matched_opinion_signals,2025-09-27T01:32:46,2025-09-27a,Delta Dunklin Democrat,Delta Dunklin Democrat,Kennett,Dunklin,,2025-09-20T12:00:00+00:00,,,,,,"{""url"": [""opinion""]}",opinion,,
f7d7c9c4-ce8c-4de6-861f-d8a08e0fc0ff,2b8de961-98dc-44db-9e0a-83e9dd1daacc,https://www.dddnews.com/opinion/precious-life-giving-words-7b185f11,"""Precious, Life-giving Words""",opinion,medium,0.3333333333333333,matched_opinion_signals,2025-09-27T01:32:46,2025-09-27a,Delta Dunklin Democrat,Delta Dunklin Democrat,Kennett,Dunklin,,2025-09-20T12:00:00+00:00,,,,,,"{""url"": [""opinion""]}",opinion,,
e2fb6d1a-04e8-4b10-b66e-44194e22faa7,d39e6794-edcf-4a66-83b9-1d372a4fdbce,https://www.dddnews.com/opinion/with-your-whole-heart-62a3245a,With Your Whole Heart,opinion,medium,0.3333333333333333,matched_opinion_signals,2025-09-27T01:32:46,2025-09-27a,Delta Dunklin Democrat,Delta Dunklin Democrat,Kennett,Dunklin,,2025-09-20T12:00:00+00:00,,,,,,"{""url"": [""opinion""]}",opinion,,
b74a23dc-3a98-418c-978e-46e51f773fd7,bea3fac5-3ae2-4d28-888f-4f2ee16eeb89,https://www.dddnews.com/opinion/were-adam-and-eve-the-first-c87e364f,Were Adam and  Eve the  first?,opinion,medium,0.3333333333333333,matched_opinion_signals,2025-09-27T01:32:46,2025-09-27a,Delta Dunklin Democrat,Delta Dunklin Democrat,Kennett,Dunklin,,2025-09-20T12:00:00+00:00,,,,,,"{""url"": [""opinion""]}",opinion,,
73047cb2-8d97-4659-936f-03a12509c80a,e019993b-0f07-4ec5-a80a-e8ce1372d0e8,https://www.douglascountyherald.com/2019/10/10/capitol-perspectives-harry-trumans-statehouse-legacy/,Capitol Perspectives: Harry Truman’s Statehouse Legacy,opinion,medium,0.3333333333333333,matched_opinion_signals,2025-09-27T01:32:46,2025-09-27a,Douglas County Herald,Douglas County Herald,Ava,Douglas,,2019-10-10T00:00:00,,,,,,"{""url"": [""perspective""]}",perspective,,
50ae6feb-cb2e-44a6-8d52-95ab75fa8a2d,3720f5b1-0870-4ef6-afd3-939489436ea9,https://eldoradospringsmo.com/letters-to-the-editor/el-dorado-springs-fire-department-there-when-you-need-them/#comments,El Dorado Springs Fire Department – There when you need them - El Dorado Springs Sun,opinion,medium,0.3333333333333333,matched_opinion_signals,2025-09-27T01:32:46,2025-09-27a,El Dorado Springs Sun,El Dorado Springs Sun,El Dorado Springs,Cedar,,2025-03-05T16:08:33+00:00,,,,,,"{""url"": [""letters"", ""letters-to-the-editor""]}",letters; letters-to-the-editor,,
fa11aaf5-ecc5-4b93-9ed4-1b6af7aabecb,a708df68-3856-4cae-b6a9-3e92644a18c9,https://eldoradospringsmo.com/letters-to-the-editor/el-dorado-springs-fire-department-there-when-you-need-them/,El Dorado Springs Fire Department – There when you need them - El Dorado Springs Sun,opinion,medium,0.3333333333333333,matched_opinion_signals,2025-09-27T01:32:46,2025-09-27a,El Dorado Springs Sun,El Dorado Springs Sun,El Dorado Springs,Cedar,,2025-03-05T16:08:33+00:00,,,,,,"{""url"": [""letters"", ""letters-to-the-editor""]}",letters; letters-to-the-editor,,
ec1daa41-671c-4290-ac4f-af5f571b0bc6,865a0471-1911-4274-b742-a1e6b060cc69,https://eldoradospringsmo.com/letters-to-the-editor/make-the-usa-better-with-your-vote/,Make the USA better with your vote - El Dorado Springs Sun,opinion,medium,0.3333333333333333,matched_opinion_signals,2025-09-27T01:32:46,2025-09-27a,El Dorado Springs Sun,El Dorado Springs Sun,El Dorado Springs,Cedar,,2025-06-11T17:15:36+00:00,,,,,,"{""url"": [""letters"", ""letters-to-the-editor""]}",letters; letters-to-the-editor,,
15ab4caa-5e7a-47a9-a062-6777a8bc96c0,935bf7e6-f8c8-46a1-86a2-3394e9a8d3ed,https://eldoradospringsmo.com/letters-to-the-editor/make-the-usa-better-with-your-vote/#comments,Make the USA better with your vote,opinion,medium,0.3333333333333333,matched_opinion_signals,2025-09-27T01:32:46,2025-09-27a,El Dorado Springs Sun,El Dorado Springs Sun,El Dorado Springs,Cedar,,2025-06-11T17:15:36+00:00,,,,,,"{""url"": [""letters"", ""letters-to-the-editor""]}",letters; letters-to-the-editor,,
141f267a-1938-4aee-a6de-7fa8545be997,842f3693-4c68-4e02-abeb-cf050272fcd0,https://www.emissourian.com/opinion/folsom-meramec-caverns-at-last/article_17c2f1a8-d67d-40f2-be7f-8247f8ae09b5.html,Folsom: Meramec Caverns at last,opinion,medium,0.3333333333333333,matched_opinion_signals,2025-09-27T01:32:46,2025-09-27a,Emissourian,Emissourian,Washington,Franklin,,2025-09-04T00:30:00-05:00,,,,,,"{""url"": [""opinion""]}",opinion,,
080347f3-0fea-43f4-ad98-cb7735727b32,f13f0cf9-73b6-428a-87f2-48d60bbd371c,https://www.hannibal.net/opinion/columnists/robin-writes-the-best-seat-at-the-game/article_935f022f-2e33-5862-acd4-abe4508ed24d.html,Robin Writes: The Best Seat at the Game,opinion,medium,0.3333333333333333,matched_opinion_signals,2025-09-27T01:32:46,2025-09-27a,Hannibal Courier-Post,Hannibal Courier-Post,Hannibal,Marion,,2025-08-02T00:00:00-05:00,,,,,,"{""url"": [""opinion"", ""column"", ""columnists""]}",opinion; column; columnists,,
71b7bd52-4ef2-476b-b6bc-fdec53da9521,d6f7fc95-73aa-466f-b34f-a08b5308c1ca,https://www.pikecountynews.com/2025/08/15/opinion/first-day-of-school-goodbye/,FIRST DAY OF SCHOOL GOODBYE,opinion,medium,0.3333333333333333,matched_opinion_signals,2025-09-27T01:32:46,2025-09-27a,Pike County News/Bowling Green Times,Pike County News/Bowling Green Times,Bowling Green,Pike,,2025-08-15T00:00:00,,,,,,"{""url"": [""opinion""]}",opinion,,
bcdde8bd-2822-4ca5-9ffb-6b4a4c9e5cff,01bbc937-e7c6-40aa-b2bf-29b270644ff5,https://www.pikecountynews.com/2025/09/04/opinion/shopping-local-helps-build-our-community/,Shopping local helps build our community,opinion,medium,0.3333333333333333,matched_opinion_signals,2025-09-27T01:32:46,2025-09-27a,Pike County News/Bowling Green Times,Pike County News/Bowling Green Times,Bowling Green,Pike,,2025-09-04T00:00:00,,,,,,"{""url"": [""opinion""]}",opinion,,
65764a89-cd12-4d10-a48a-ad3ec04da1e2,9bb900a5-1ed0-45f6-af9f-9451052136a1,https://www.pikecountynews.com/2025/09/12/opinion/whats-in-a-name/,WHAT'S IN A NAME,opinion,medium,0.3333333333333333,matched_opinion_signals,2025-09-27T01:32:46,2025-09-27a,Pike County News/Bowling Green Times,Pike County News/Bowling Green Times,Bowling Green,Pike,,2025-09-12T00:00:00,,,,,,"{""url"": [""opinion""]}",opinion,,
28a3392c-d82b-4873-87e7-b3f0c31ef00d,554aa6f6-b997-4b33-96bf-ec7377b8df03,https://www.pikecountynews.com/2025/09/19/opinion/fall-in-love-with-bowling-green/,Fall in love with Bowling Green,opinion,medium,0.3333333333333333,matched_opinion_signals,2025-09-27T01:32:46,2025-09-27a,Pike County News/Bowling Green Times,Pike County News/Bowling Green Times,Bowling Green,Pike,,2025-09-19T00:00:00,,,,,,"{""url"": [""opinion""]}",opinion,,
e3c5f9a9-ddb1-4939-86b8-552f5b49f446,027f7dfc-1cfc-4df8-8c8e-d8ebb5ac99fa,https://www.stlamerican.com/news/editorials/attacks-on-american-democracy/,Attacks on American democracy,opinion,medium,0.3333333333333333,matched_opinion_signals,2025-09-27T01:32:46,2025-09-27a,St. Louis American,St. Louis American,St. Louis,St. Louis,,2025-09-20T01:00:00+00:00,,,,,,"{""url"": [""editorial"", ""editorials""]}",editorial; editorials,,
ceecb5d2-187a-4f73-9cc4-0fb5350ee37a,db56d5d7-9985-49d3-883c-ab8259c2c169,https://www.mysullivannews.com/news-sports-columns-opinions/sullivan-independent-news-launches-new-website-and-e-edition,Sullivan Independent News Launches New Website and e-Edition,opinion,medium,0.3333333333333333,matched_opinion_signals,2025-09-27T01:32:46,2025-09-27a,Sullivan Independent News,Sullivan Independent News,Sullivan,Franklin and Crawford,,,,,,,,"{""url"": [""opinion"", ""opinions"", ""column"", ""columns""]}",opinion; opinions; column; columns,,
e5b9fc38-35d8-41a3-827b-a97de7d3c993,79a4002e-6df2-41ff-9fd7-2e4e70fa177f,https://www.the-standard.org/opinion/find-a-new-spot-try-studying-in-these-five-places-near-campus/article_0f04df7e-65d3-43f1-91d5-ffedc99fd50e.html,Find a new spot: Try studying in these five places near campus,opinion,medium,0.3333333333333333,matched_opinion_signals,2025-09-27T01:32:46,2025-09-27a,The Standard,The Standard,Springfield,Greene,,2025-08-18T11:00:00-05:00,,,,,,"{""url"": [""opinion""]}",opinion,,
dc4a36bb-0e41-4170-9763-3f5e6d243bf7,354d665f-02de-4d6e-b89e-437cff11840a,https://www.the-standard.org/opinion/five-local-businesses-to-visit-near-msu/article_ee413587-8926-4a7a-9104-e27c1ff7358e.html,Five local businesses to visit near MSU,opinion,medium,0.3333333333333333,matched_opinion_signals,2025-09-27T01:32:46,2025-09-27a,The Standard,The Standard,Springfield,Greene,,2025-08-18T12:00:00-05:00,,,,,,"{""url"": [""opinion""]}",opinion,,
b1d14edc-7e48-4bc1-9b78-53d145633605,c1888abb-9886-44ef-90e3-7ca535bfcc2a,https://www.the-standard.org/opinion/alumni--and-student-run-businesses-you-should-check-out-this-school-year/article_2c12e963-d4c6-4c30-b5ca-c9166d7957f6.html,Alumni- and student-run businesses you should check out this school year,opinion,medium,0.3333333333333333,matched_opinion_signals,2025-09-27T01:32:46,2025-09-27a,The Standard,The Standard,Springfield,Greene,,2025-08-18T12:00:00-05:00,,,,,,"{""url"": [""opinion""]}",opinion,,
a8f3487c-8cd5-48c6-94e0-ff585299d85c,3954872b-5c24-4509-8338-d769a0ac4a81,https://www.the-standard.org/opinion/sabrina-carpenter-s-man-s-best-friend-an-honest-breakup-diary/article_c5704230-1d23-4609-a367-e75b928c9962.html,Sabrina Carpenter’s 'Man’s Best Friend': An honest breakup diary,opinion,medium,0.3333333333333333,matched_opinion_signals,2025-09-27T01:32:46,2025-09-27a,The Standard,The Standard,Springfield,Greene,,2025-09-16T15:53:00-05:00,,,,,,"{""url"": [""opinion""]}",opinion,,
ec20d11c-a466-4b1b-bf28-cc0bdce946d9,74c3e367-a93a-49db-9252-684b23477c30,https://www.webstercountycitizen.com/opinion/article_20e0a6d1-9768-4dc5-8087-aa9315aadf25.html,- Charlie Kirk’s legacy lives on,opinion,medium,0.3333333333333333,matched_opinion_signals,2025-09-27T01:32:46,2025-09-27a,Webster County Citizen,Webster County Citizen,Seymour,Webster,,2025-09-17T08:00:00-05:00,,,,,,"{""url"": [""opinion""]}",opinion,,
